test_index,bucket,claim,gold_label,prediction,entity_set_json,top_relations_json,predicted_hop,connected_count,walkable_count,visible_count,stored_after_k_count,visible_paths_json,after_k_preview_json,clause_1,clause_2,other_clauses,proof_clause_1_positions,proof_clause_2_positions,proof_other_clauses_positions,suspected_cause,notes
6204,true_to_false_connected,"The 11th Mississippi Infantry Monument, in Adams County, Pennsylvania, USA, was established in the year 2000.",1,0,"[""\""2000\"""", ""11th_Mississippi_Infantry_Monument"", ""Adams_County,_Pennsylvania"", ""\""United States\""""]","[""location"", ""open"", ""city"", ""material"", ""country""]",1,1,1,2,0,"[[""connected"", [""11th_Mississippi_Infantry_Monument"", ""country"", ""\""United States\""""]], [""walkable"", [""Adams_County,_Pennsylvania"", ""country"", ""United_States""]]]",[],,,,,,,,
5902,true_to_false_connected,"Adare Manor is in the Irish speaking Republic of Ireland, where the leader is Enda Kenny.",1,0,"[""Republic_of_Ireland"", ""Irish_language"", ""Enda_Kenny"", ""Adare_Manor""]","[""country"", ""language"", ""leaderName"", ""location"", ""leaderTitle""]",1,3,11,14,0,"[[""connected"", [""Adare_Manor"", ""country"", ""Republic_of_Ireland""]], [""connected"", [""Republic_of_Ireland"", ""language"", ""Irish_language""]], [""connected"", [""Republic_of_Ireland"", ""leaderName"", ""Enda_Kenny""]], [""walkable"", [""Adare_Manor"", ""location"", ""Adare""]], [""walkable"", [""Adare_Manor"", ""location"", ""County_Limerick""]], [""walkable"", [""Republic_of_Ireland"", ""language"", ""English_language""]], [""walkable"", [""Republic_of_Ireland"", ""leaderName"", ""Joan_Burton""]], [""walkable"", [""Republic_of_Ireland"", ""leaderName"", ""Michael_D._Higgins""]], [""walkable"", [""Republic_of_Ireland"", ""leaderTitle"", ""\""President\""""]], [""walkable"", [""Republic_of_Ireland"", ""leaderTitle"", ""\""Taoiseach\""""]], [""walkable"", [""Republic_of_Ireland"", ""leaderTitle"", ""\""Tánaiste\""""]], [""walkable"", [""Republic_of_Ireland"", ""leaderTitle"", ""President_of_Ireland""]], [""walkable"", [""Republic_of_Ireland"", ""leaderTitle"", ""Taoiseach""]], [""walkable"", [""Republic_of_Ireland"", ""leaderTitle"", ""Tánaiste""]]]",[],,,,,,,,
5945,true_to_false_connected,"Adare Manor is located in the Republic of Ireland, the leader of this country is Enda Kenny and one of the languages used is English.",1,0,"[""Republic_of_Ireland"", ""Enda_Kenny"", ""Adare_Manor"", ""English_language""]","[""~leader"", ""leaderTitle"", ""~language"", ""country"", ""~leaderName""]",1,4,28,32,0,"[[""connected"", [""Adare_Manor"", ""country"", ""Republic_of_Ireland""]], [""connected"", [""Enda_Kenny"", ""~leader"", ""Republic_of_Ireland""]], [""connected"", [""Enda_Kenny"", ""~leaderName"", ""Republic_of_Ireland""]], [""connected"", [""English_language"", ""~language"", ""Republic_of_Ireland""]], [""walkable"", [""Enda_Kenny"", ""~leader"", ""Department_of_the_Taoiseach""]], [""walkable"", [""Enda_Kenny"", ""~leader"", ""European_Parliament_election,_2004_(Ireland)""]], [""walkable"", [""Enda_Kenny"", ""~leader"", ""European_Parliament_election,_2009_(Ireland)""]], [""walkable"", [""Enda_Kenny"", ""~leader"", ""European_Parliament_election,_2014_(Ireland)""]], [""walkable"", [""Enda_Kenny"", ""~leader"", ""Fine_Gael""]], [""walkable"", [""Enda_Kenny"", ""~leader"", ""Irish_local_elections,_2004""]], [""walkable"", [""Enda_Kenny"", ""~leader"", ""Irish_local_elections,_2009""]], [""walkable"", [""Enda_Kenny"", ""~leader"", ""Irish_local_elections,_2014""]], [""walkable"", [""Enda_Kenny"", ""~leader"", ""Next_Irish_general_election""]], [""walkable"", [""English_language"", ""~language"", ""$5_Cover""]], [""walkable"", [""English_language"", ""~language"", ""%22...And_Ladies_of_the_Club%22""]], [""walkable"", [""English_language"", ""~language"", ""%22B%22_Is_for_Burglar""]], [""walkable"", [""English_language"", ""~language"", ""%22C%22_Is_for_Corpse""]], [""walkable"", [""English_language"", ""~language"", ""%22D%22_Is_for_Deadbeat""]], [""walkable"", [""English_language"", ""~language"", ""%22E%22_Is_for_Evidence""]], [""walkable"", [""English_language"", ""~language"", ""%22F%22_Is_for_Fugitive""]], [""walkable"", [""English_language"", ""~language"", ""%22G%22_Is_for_Gumshoe""]], [""walkable"", [""English_language"", ""~language"", ""%22H%22_Is_for_Homicide""]], [""walkable"", [""English_language"", ""~language"", ""%22I%22_Is_for_Innocent""]], [""walkable"", [""English_language"", ""~language"", ""%22J%22_Is_for_Judgment""]], [""walkable"", [""English_language"", ""~language"", ""%22K%22_Is_for_Killer""]], [""walkable"", [""English_language"", ""~language"", ""%22L%22_Is_for_Lawless""]], [""walkable"", [""English_language"", ""~language"", ""%22M%22_Is_for_Malice""]], [""walkable"", [""English_language"", ""~language"", ""%22N%22_Is_for_Noose""]], [""walkable"", [""English_language"", ""~language"", ""%22O%22_Is_for_Outlaw""]], [""walkable"", [""English_language"", ""~language"", ""%22P%22_Is_for_Peril""]], [""walkable"", [""English_language"", ""~language"", ""%22Q%22_Is_for_Quarry""]], [""walkable"", [""English_language"", ""~language"", ""%22R%22_Is_for_Ricochet""]]]",[],,,,,,,,
5859,true_to_false_connected,"The musical genre of Alfredo Zitarrosa is Candombe, he started out as a solo singer and is signed to the Uruguayan record label Orfeo.",1,0,"[""Alfredo_Zitarrosa"", ""Candombe"", ""Orfeo_(Uruguayan_record_label)"", ""\""solo_singer\""""]","[""genre"", ""~background"", ""recordLabel"", ""background"", ""~recordLabel""]",1,5,27,32,0,"[[""connected"", [""\""solo_singer\"""", ""~background"", ""Alfredo_Zitarrosa""]], [""connected"", [""Alfredo_Zitarrosa"", ""genre"", ""Candombe""]], [""connected"", [""Alfredo_Zitarrosa"", ""recordLabel"", ""Orfeo_(Uruguayan_record_label)""]], [""connected"", [""Alfredo_Zitarrosa"", ""background"", ""\""solo_singer\""""]], [""connected"", [""Orfeo_(Uruguayan_record_label)"", ""~recordLabel"", ""Alfredo_Zitarrosa""]], [""walkable"", [""\""solo_singer\"""", ""~background"", ""%22King%22_Bennie_Nawahi""]], [""walkable"", [""\""solo_singer\"""", ""~background"", ""%22Weird_Al%22_Yankovic""]], [""walkable"", [""\""solo_singer\"""", ""~background"", ""12_Gauge_(rapper)""]], [""walkable"", [""\""solo_singer\"""", ""~background"", ""1987_(artist)""]], [""walkable"", [""\""solo_singer\"""", ""~background"", ""2Mex""]], [""walkable"", [""\""solo_singer\"""", ""~background"", ""2Play""]], [""walkable"", [""\""solo_singer\"""", ""~background"", ""2_Chainz""]], [""walkable"", [""\""solo_singer\"""", ""~background"", ""2_Pistols""]], [""walkable"", [""\""solo_singer\"""", ""~background"", ""2face_Idibia""]], [""walkable"", [""\""solo_singer\"""", ""~background"", ""360_(rapper)""]], [""walkable"", [""\""solo_singer\"""", ""~background"", ""3D_Na'Tee""]], [""walkable"", [""\""solo_singer\"""", ""~background"", ""40_Cal.""]], [""walkable"", [""\""solo_singer\"""", ""~background"", ""40_Glocc""]], [""walkable"", [""\""solo_singer\"""", ""~background"", ""5Zic""]], [""walkable"", [""\""solo_singer\"""", ""~background"", ""60_Second_Assassin_(emcee)""]], [""walkable"", [""\""solo_singer\"""", ""~background"", ""6_Tre_G""]], [""walkable"", [""\""solo_singer\"""", ""~background"", ""88-Keys""]], [""walkable"", [""\""solo_singer\"""", ""~background"", ""9ice""]], [""walkable"", [""\""solo_singer\"""", ""~background"", ""9th_Prince""]], [""walkable"", [""\""solo_singer\"""", ""~background"", ""A*M*E""]], [""walkable"", [""\""solo_singer\"""", ""~background"", ""A+_(rapper)""]], [""walkable"", [""\""solo_singer\"""", ""~background"", ""A-L-X""]], [""walkable"", [""\""solo_singer\"""", ""~background"", ""A-Lee""]], [""walkable"", [""\""solo_singer\"""", ""~background"", ""A-Love""]], [""walkable"", [""\""solo_singer\"""", ""~background"", ""A-Plus_(rapper)""]], [""walkable"", [""\""solo_singer\"""", ""~background"", ""A-do""]], [""walkable"", [""\""solo_singer\"""", ""~background"", ""A.B._Quintanilla""]]]",[],,,,,,,,
5980,true_to_false_connected,Steven T Seagle and Duncan Rouleau created Baymax which appeared in Big Hero 6.,1,0,"[""Big_Hero_6_(film)"", ""Steven_T._Seagle"", ""Baymax"", ""Duncan_Rouleau""]","[""~creators"", ""creator"", ""~creator"", ""fullName"", ""creators""]",1,8,24,32,0,"[[""connected"", [""Baymax"", ""creator"", ""Duncan_Rouleau""]], [""connected"", [""Baymax"", ""creator"", ""Steven_T._Seagle""]], [""connected"", [""Baymax"", ""creators"", ""Duncan_Rouleau""]], [""connected"", [""Baymax"", ""creators"", ""Steven_T._Seagle""]], [""connected"", [""Duncan_Rouleau"", ""~creators"", ""Baymax""]], [""connected"", [""Duncan_Rouleau"", ""~creator"", ""Baymax""]], [""connected"", [""Steven_T._Seagle"", ""~creators"", ""Baymax""]], [""connected"", [""Steven_T._Seagle"", ""~creator"", ""Baymax""]], [""walkable"", [""Duncan_Rouleau"", ""~creators"", ""Aries_(comics)""]], [""walkable"", [""Duncan_Rouleau"", ""~creators"", ""Axis_Amerika""]], [""walkable"", [""Duncan_Rouleau"", ""~creators"", ""Big_Hero_6_(comics)""]], [""walkable"", [""Duncan_Rouleau"", ""~creators"", ""Bridgette_Crosby""]], [""walkable"", [""Duncan_Rouleau"", ""~creators"", ""GoGo_Tomago""]], [""walkable"", [""Duncan_Rouleau"", ""~creators"", ""Hiro_Takachiho""]], [""walkable"", [""Duncan_Rouleau"", ""~creators"", ""Honey_Lemon""]], [""walkable"", [""Duncan_Rouleau"", ""~creator"", ""Aries_(comics)""]], [""walkable"", [""Duncan_Rouleau"", ""~creator"", ""Bridgette_Crosby""]], [""walkable"", [""Duncan_Rouleau"", ""~creator"", ""Honey_Lemon""]], [""walkable"", [""Steven_T._Seagle"", ""~creators"", ""American_Virgin_(comics)""]], [""walkable"", [""Steven_T._Seagle"", ""~creators"", ""Aries_(comics)""]], [""walkable"", [""Steven_T._Seagle"", ""~creators"", ""Big_Hero_6_(comics)""]], [""walkable"", [""Steven_T._Seagle"", ""~creators"", ""Flex_(comics)""]], [""walkable"", [""Steven_T._Seagle"", ""~creators"", ""GoGo_Tomago""]], [""walkable"", [""Steven_T._Seagle"", ""~creators"", ""Hiro_Takachiho""]], [""walkable"", [""Steven_T._Seagle"", ""~creators"", ""Honey_Lemon""]], [""walkable"", [""Steven_T._Seagle"", ""~creators"", ""Jack_O'Lantern_(DC_Comics)""]], [""walkable"", [""Steven_T._Seagle"", ""~creators"", ""Murmur_(Marvel_Comics)""]], [""walkable"", [""Steven_T._Seagle"", ""~creators"", ""Primal_Force""]], [""walkable"", [""Steven_T._Seagle"", ""~creators"", ""Radius_(comics)""]], [""walkable"", [""Steven_T._Seagle"", ""~creators"", ""Supergirl_(Cir-El)""]], [""walkable"", [""Steven_T._Seagle"", ""~creator"", ""Aries_(comics)""]], [""walkable"", [""Steven_T._Seagle"", ""~creator"", ""Flex_(comics)""]]]",[],,,,,,,,
5863,true_to_false_connected,"Alfredo Zitarrosa's record label is RCA Records, his background includes solo singing and his musical genre is Milonga.",1,0,"[""Alfredo_Zitarrosa"", ""RCA_Records"", ""Milonga_(music)"", ""\""solo_singer\""""]","[""recordLabel"", ""~background"", ""~genre"", ""background"", ""genre""]",1,5,27,32,0,"[[""connected"", [""\""solo_singer\"""", ""~background"", ""Alfredo_Zitarrosa""]], [""connected"", [""Alfredo_Zitarrosa"", ""recordLabel"", ""RCA_Records""]], [""connected"", [""Alfredo_Zitarrosa"", ""background"", ""\""solo_singer\""""]], [""connected"", [""Alfredo_Zitarrosa"", ""genre"", ""Milonga_(music)""]], [""connected"", [""Milonga_(music)"", ""~genre"", ""Alfredo_Zitarrosa""]], [""walkable"", [""\""solo_singer\"""", ""~background"", ""%22King%22_Bennie_Nawahi""]], [""walkable"", [""\""solo_singer\"""", ""~background"", ""%22Weird_Al%22_Yankovic""]], [""walkable"", [""\""solo_singer\"""", ""~background"", ""12_Gauge_(rapper)""]], [""walkable"", [""\""solo_singer\"""", ""~background"", ""1987_(artist)""]], [""walkable"", [""\""solo_singer\"""", ""~background"", ""2Mex""]], [""walkable"", [""\""solo_singer\"""", ""~background"", ""2Play""]], [""walkable"", [""\""solo_singer\"""", ""~background"", ""2_Chainz""]], [""walkable"", [""\""solo_singer\"""", ""~background"", ""2_Pistols""]], [""walkable"", [""\""solo_singer\"""", ""~background"", ""2face_Idibia""]], [""walkable"", [""\""solo_singer\"""", ""~background"", ""360_(rapper)""]], [""walkable"", [""\""solo_singer\"""", ""~background"", ""3D_Na'Tee""]], [""walkable"", [""\""solo_singer\"""", ""~background"", ""40_Cal.""]], [""walkable"", [""\""solo_singer\"""", ""~background"", ""40_Glocc""]], [""walkable"", [""\""solo_singer\"""", ""~background"", ""5Zic""]], [""walkable"", [""\""solo_singer\"""", ""~background"", ""60_Second_Assassin_(emcee)""]], [""walkable"", [""\""solo_singer\"""", ""~background"", ""6_Tre_G""]], [""walkable"", [""\""solo_singer\"""", ""~background"", ""88-Keys""]], [""walkable"", [""\""solo_singer\"""", ""~background"", ""9ice""]], [""walkable"", [""\""solo_singer\"""", ""~background"", ""9th_Prince""]], [""walkable"", [""\""solo_singer\"""", ""~background"", ""A*M*E""]], [""walkable"", [""\""solo_singer\"""", ""~background"", ""A+_(rapper)""]], [""walkable"", [""\""solo_singer\"""", ""~background"", ""A-L-X""]], [""walkable"", [""\""solo_singer\"""", ""~background"", ""A-Lee""]], [""walkable"", [""\""solo_singer\"""", ""~background"", ""A-Love""]], [""walkable"", [""\""solo_singer\"""", ""~background"", ""A-Plus_(rapper)""]], [""walkable"", [""\""solo_singer\"""", ""~background"", ""A-do""]], [""walkable"", [""\""solo_singer\"""", ""~background"", ""A.B._Quintanilla""]]]",[],,,,,,,,
6018,true_to_false_connected,"MTU Friedrichshafen of Friedrichshafen, owned by Rolls-Royce Holdings, manufactures the A-Rosa Luna engine.",1,0,"[""A-Rosa_Luna"", ""Rolls-Royce_Holdings"", ""MTU_Friedrichshafen"", ""Friedrichshafen""]","[""~manufacturer"", ""powerType"", ""manufacturer"", ""keyPerson"", ""fate""]",1,1,22,23,0,"[[""connected"", [""A-Rosa_Luna"", ""powerType"", ""MTU_Friedrichshafen""]], [""walkable"", [""Friedrichshafen"", ""~manufacturer"", ""USS_Los_Angeles_(ZR-3)""]], [""walkable"", [""Rolls-Royce_Holdings"", ""~manufacturer"", ""Allison_Model_250""]], [""walkable"", [""Rolls-Royce_Holdings"", ""~manufacturer"", ""General_Electric/Rolls-Royce_F136""]], [""walkable"", [""Rolls-Royce_Holdings"", ""~manufacturer"", ""Rolls-Royce_LiftSystem""]], [""walkable"", [""Rolls-Royce_Holdings"", ""~manufacturer"", ""Rolls-Royce_MT30""]], [""walkable"", [""Rolls-Royce_Holdings"", ""~manufacturer"", ""Rolls-Royce_Marine_Spey""]], [""walkable"", [""Rolls-Royce_Holdings"", ""~manufacturer"", ""Rolls-Royce_Mustang_Mk.X""]], [""walkable"", [""Rolls-Royce_Holdings"", ""~manufacturer"", ""Rolls-Royce_Pegasus""]], [""walkable"", [""Rolls-Royce_Holdings"", ""~manufacturer"", ""Rolls-Royce_RB.183_Tay""]], [""walkable"", [""Rolls-Royce_Holdings"", ""~manufacturer"", ""Rolls-Royce_RB211""]], [""walkable"", [""Rolls-Royce_Holdings"", ""~manufacturer"", ""Rolls-Royce_RB282""]], [""walkable"", [""Rolls-Royce_Holdings"", ""~manufacturer"", ""Rolls-Royce_RB3011""]], [""walkable"", [""Rolls-Royce_Holdings"", ""~manufacturer"", ""Rolls-Royce_RR300""]], [""walkable"", [""Rolls-Royce_Holdings"", ""~manufacturer"", ""Rolls-Royce_Trent""]], [""walkable"", [""Rolls-Royce_Holdings"", ""~manufacturer"", ""Rolls-Royce_Trent_1000""]], [""walkable"", [""Rolls-Royce_Holdings"", ""~manufacturer"", ""Rolls-Royce_Trent_500""]], [""walkable"", [""Rolls-Royce_Holdings"", ""~manufacturer"", ""Rolls-Royce_Trent_700""]], [""walkable"", [""Rolls-Royce_Holdings"", ""~manufacturer"", ""Rolls-Royce_Trent_800""]], [""walkable"", [""Rolls-Royce_Holdings"", ""~manufacturer"", ""Rolls-Royce_Trent_900""]], [""walkable"", [""Rolls-Royce_Holdings"", ""~manufacturer"", ""Rolls-Royce_Trent_XWB""]], [""walkable"", [""Rolls-Royce_Holdings"", ""keyPerson"", ""Ian_Davis_(businessman)""]], [""walkable"", [""Rolls-Royce_Holdings"", ""keyPerson"", ""Warren_East""]]]",[],,,,,,,,
5393,true_to_false_connected,Big Hero 6 with Alan Tudyk had a character called Baymax.,1,0,"[""Big_Hero_6_(film)"", ""Baymax"", ""Alan_Tudyk""]","[""~starring"", ""starring"", ""runtime"", ""activeYearsEndYear"", ""writer""]",1,2,30,32,0,"[[""connected"", [""Alan_Tudyk"", ""~starring"", ""Big_Hero_6_(film)""]], [""connected"", [""Big_Hero_6_(film)"", ""starring"", ""Alan_Tudyk""]], [""walkable"", [""Alan_Tudyk"", ""~starring"", ""3:10_to_Yuma_(2007_film)""]], [""walkable"", [""Alan_Tudyk"", ""~starring"", ""A_Knight's_Tale""]], [""walkable"", [""Alan_Tudyk"", ""~starring"", ""Beautiful_Boy_(film)""]], [""walkable"", [""Alan_Tudyk"", ""~starring"", ""Conception_(film)""]], [""walkable"", [""Alan_Tudyk"", ""~starring"", ""Death_at_a_Funeral_(2007_film)""]], [""walkable"", [""Alan_Tudyk"", ""~starring"", ""I,_Robot_(film)""]], [""walkable"", [""Alan_Tudyk"", ""~starring"", ""Justice_League:_War""]], [""walkable"", [""Alan_Tudyk"", ""~starring"", ""Maze_Runner:_The_Scorch_Trials""]], [""walkable"", [""Alan_Tudyk"", ""~starring"", ""Meet_Market_(film)""]], [""walkable"", [""Alan_Tudyk"", ""~starring"", ""Oddball_(film)""]], [""walkable"", [""Alan_Tudyk"", ""~starring"", ""Rogue_One:_A_Star_Wars_Story""]], [""walkable"", [""Alan_Tudyk"", ""~starring"", ""Serenity_(film)""]], [""walkable"", [""Alan_Tudyk"", ""~starring"", ""Strange_Frame""]], [""walkable"", [""Alan_Tudyk"", ""~starring"", ""Suburgatory""]], [""walkable"", [""Alan_Tudyk"", ""~starring"", ""Tell_(2014_film)""]], [""walkable"", [""Alan_Tudyk"", ""~starring"", ""Tucker_&_Dale_vs._Evil""]], [""walkable"", [""Big_Hero_6_(film)"", ""starring"", ""\""*\""""]], [""walkable"", [""Big_Hero_6_(film)"", ""starring"", ""Damon_Wayans,_Jr.""]], [""walkable"", [""Big_Hero_6_(film)"", ""starring"", ""Daniel_Henney""]], [""walkable"", [""Big_Hero_6_(film)"", ""starring"", ""Génesis_Rodríguez""]], [""walkable"", [""Big_Hero_6_(film)"", ""starring"", ""James_Cromwell""]], [""walkable"", [""Big_Hero_6_(film)"", ""starring"", ""Jamie_Chung""]], [""walkable"", [""Big_Hero_6_(film)"", ""starring"", ""Maya_Rudolph""]], [""walkable"", [""Big_Hero_6_(film)"", ""starring"", ""Ryan_Potter""]], [""walkable"", [""Big_Hero_6_(film)"", ""starring"", ""Scott_Adsit""]], [""walkable"", [""Big_Hero_6_(film)"", ""starring"", ""T._J._Miller""]], [""walkable"", [""Big_Hero_6_(film)"", ""runtime"", ""\""6120.0\""""]], [""walkable"", [""Big_Hero_6_(film)"", ""writer"", ""Andy_Hurley""]], [""walkable"", [""Big_Hero_6_(film)"", ""writer"", ""Dan_Gerson""]], [""walkable"", [""Big_Hero_6_(film)"", ""writer"", ""Joe_Trohman""]]]",[],,,,,,,,
5583,true_to_false_connected,Alvah Sabin represented Vermon and worked as Secretary of State of Vermont.,1,0,"[""Vermont"", ""\""Secretary of State of Vermont\"""", ""Alvah_Sabin""]","[""birthPlace"", ""~office"", ""almaMater"", ""nationality"", ""placeOfBirth""]",1,1,2,3,0,"[[""connected"", [""\""Secretary of State of Vermont\"""", ""~office"", ""Alvah_Sabin""]], [""walkable"", [""Alvah_Sabin"", ""birthPlace"", ""Georgia,_Vermont""]], [""walkable"", [""Alvah_Sabin"", ""placeOfBirth"", ""Georgia,_Vermont""]]]",[],,,,,,,,
5227,true_to_false_connected,"Universal Music Group's, Philips Records, is the label of Agustín Barboza.",1,0,"[""Universal_Music_Group"", ""Philips_Records"", ""Agustín_Barboza""]","[""recordLabel"", ""~recordLabel"", ""label"", ""genre"", ""~label""]",1,4,28,32,0,"[[""connected"", [""Agustín_Barboza"", ""recordLabel"", ""Philips_Records""]], [""connected"", [""Agustín_Barboza"", ""label"", ""Philips_Records""]], [""connected"", [""Philips_Records"", ""~recordLabel"", ""Agustín_Barboza""]], [""connected"", [""Philips_Records"", ""~label"", ""Agustín_Barboza""]], [""walkable"", [""Agustín_Barboza"", ""genre"", ""Guarania_(music)""]], [""walkable"", [""Philips_Records"", ""~recordLabel"", ""'Til_the_Band_Comes_In""]], [""walkable"", [""Philips_Records"", ""~recordLabel"", ""(Baby)_You_Don't_Have_to_Tell_Me""]], [""walkable"", [""Philips_Records"", ""~recordLabel"", ""-Fa-Tal-_Gal_a_Todo_Vapor""]], [""walkable"", [""Philips_Records"", ""~recordLabel"", ""1001°_Centigrades""]], [""walkable"", [""Philips_Records"", ""~recordLabel"", ""10_Anos_Depois""]], [""walkable"", [""Philips_Records"", ""~recordLabel"", ""14_Apo_Ta_Oreotera_Tragoudia_Mou""]], [""walkable"", [""Philips_Records"", ""~recordLabel"", ""15_Chronia_Marinella""]], [""walkable"", [""Philips_Records"", ""~recordLabel"", ""4_Gouden_Hits""]], [""walkable"", [""Philips_Records"", ""~recordLabel"", ""5000_Volts""]], [""walkable"", [""Philips_Records"", ""~recordLabel"", ""A_Brand_New_Me_(Dusty_Springfield_album)""]], [""walkable"", [""Philips_Records"", ""~recordLabel"", ""A_Girl_Called_Dusty""]], [""walkable"", [""Philips_Records"", ""~recordLabel"", ""A_Tábua_de_Esmeralda""]], [""walkable"", [""Philips_Records"", ""~recordLabel"", ""Acker_Bilk""]], [""walkable"", [""Philips_Records"", ""~recordLabel"", ""Aima,_Dakrya_&_Idrotas""]], [""walkable"", [""Philips_Records"", ""~recordLabel"", ""Ajax,_Olé_Olé_Olé""]], [""walkable"", [""Philips_Records"", ""~recordLabel"", ""Ajda_Pekkan""]], [""walkable"", [""Philips_Records"", ""~recordLabel"", ""Albania_(album)""]], [""walkable"", [""Philips_Records"", ""~recordLabel"", ""Alfred_Brendel_–_Unpublished_Live_and_Radio_Performances_1968–2001""]], [""walkable"", [""Philips_Records"", ""~recordLabel"", ""Allegria""]], [""walkable"", [""Philips_Records"", ""~recordLabel"", ""Alli_Mia_Fora_(Marinella_album)""]], [""walkable"", [""Philips_Records"", ""~recordLabel"", ""Am_I_the_Same_Girl""]], [""walkable"", [""Philips_Records"", ""~recordLabel"", ""American_Look""]], [""walkable"", [""Philips_Records"", ""~recordLabel"", ""Amours_des_feintes""]], [""walkable"", [""Philips_Records"", ""~recordLabel"", ""Andrea_Bocelli""]], [""walkable"", [""Philips_Records"", ""~recordLabel"", ""Andy_Lau""]], [""walkable"", [""Philips_Records"", ""~recordLabel"", ""Another_Monty_Python_Record""]], [""walkable"", [""Philips_Records"", ""~recordLabel"", ""Another_Tear_Falls""]]]",[],,,,,,,,
5367,true_to_false_connected,"Created by Jan Duursema, the comic character Arion is also known as Ahri'ahn.",1,0,"[""Jan_Duursema"", ""Arion_(comics)"", ""\""Ahri'ahn\""""]","[""~creators"", ""~creator"", ""nationality"", ""~nationality"", ""creator""]",1,3,1,4,0,"[[""connected"", [""Arion_(comics)"", ""creator"", ""Jan_Duursema""]], [""connected"", [""Jan_Duursema"", ""~creators"", ""Arion_(comics)""]], [""connected"", [""Jan_Duursema"", ""~creator"", ""Arion_(comics)""]], [""walkable"", [""Arion_(comics)"", ""creator"", ""Paul_Kupperberg""]]]",[],,,,,,,,
6241,true_to_false_connected,"Train followed Mermaid with Imagine, a song by John Lennon was produced by the production team Espionage and written by Pat Monahan.",1,0,"[""Pat_Monahan"", ""Espionage_(production_team)"", ""Imagine_(John_Lennon_song)"", ""Mermaid_(Train_song)""]","[""subsequentWork"", ""producer"", ""author"", ""~subsequentWork"", ""genre""]",1,3,17,20,0,"[[""connected"", [""Imagine_(John_Lennon_song)"", ""~subsequentWork"", ""Mermaid_(Train_song)""]], [""connected"", [""Mermaid_(Train_song)"", ""subsequentWork"", ""Imagine_(John_Lennon_song)""]], [""connected"", [""Mermaid_(Train_song)"", ""producer"", ""Espionage_(production_team)""]], [""walkable"", [""Espionage_(production_team)"", ""genre"", ""Pop_music""]], [""walkable"", [""Espionage_(production_team)"", ""genre"", ""Rhythm_and_blues""]], [""walkable"", [""Espionage_(production_team)"", ""genre"", ""Rock_music""]], [""walkable"", [""Imagine_(John_Lennon_song)"", ""subsequentWork"", ""Happy_Xmas_(War_Is_Over)""]], [""walkable"", [""Imagine_(John_Lennon_song)"", ""producer"", ""\""John Lennon\""""]], [""walkable"", [""Imagine_(John_Lennon_song)"", ""producer"", ""John_Lennon""]], [""walkable"", [""Imagine_(John_Lennon_song)"", ""producer"", ""Phil_Spector""]], [""walkable"", [""Imagine_(John_Lennon_song)"", ""producer"", ""Yoko_Ono""]], [""walkable"", [""Imagine_(John_Lennon_song)"", ""~subsequentWork"", ""Counting_Bodies_Like_Sheep_to_the_Rhythm_of_the_War_Drums""]], [""walkable"", [""Imagine_(John_Lennon_song)"", ""~subsequentWork"", ""Power_to_the_People_(song)""]], [""walkable"", [""Imagine_(John_Lennon_song)"", ""~subsequentWork"", ""Symptoms_of_True_Love""]], [""walkable"", [""Imagine_(John_Lennon_song)"", ""~subsequentWork"", ""Talk_of_the_Town_(song)""]], [""walkable"", [""Imagine_(John_Lennon_song)"", ""genre"", ""Pop_music""]], [""walkable"", [""Imagine_(John_Lennon_song)"", ""genre"", ""Soft_rock""]], [""walkable"", [""Mermaid_(Train_song)"", ""producer"", ""\""Espionage, Butch Walker\""""]], [""walkable"", [""Mermaid_(Train_song)"", ""genre"", ""Pop_rock""]], [""walkable"", [""Mermaid_(Train_song)"", ""genre"", ""Reggae""]]]",[],,,,,,,,
6332,true_to_false_connected,"103 Colmore Row was designed by the architect John Madin whose home town is Birmingham, a town where Khalid Mahmood (British politician) is one of the leaders.",1,0,"[""John_Madin"", ""Birmingham"", ""103_Colmore_Row"", ""\""Khalid_Mahmood_(British_politician)\""""]","[""architect"", ""location"", ""~architect"", ""birthPlace"", ""significantBuilding""]",1,4,10,14,0,"[[""connected"", [""103_Colmore_Row"", ""architect"", ""John_Madin""]], [""connected"", [""103_Colmore_Row"", ""location"", ""Birmingham""]], [""connected"", [""John_Madin"", ""~architect"", ""103_Colmore_Row""]], [""connected"", [""John_Madin"", ""birthPlace"", ""Birmingham""]], [""walkable"", [""103_Colmore_Row"", ""location"", ""\""Colmore Row, Birmingham, England\""""]], [""walkable"", [""103_Colmore_Row"", ""location"", ""Colmore_Row""]], [""walkable"", [""Birmingham"", ""location"", ""\""5940.0\""""]], [""walkable"", [""Birmingham"", ""~architect"", ""Bama_Theatre""]], [""walkable"", [""John_Madin"", ""~architect"", ""Birmingham_Central_Library""]], [""walkable"", [""John_Madin"", ""~architect"", ""Metropolitan_House""]], [""walkable"", [""John_Madin"", ""~architect"", ""Post_and_Mail_building,_Birmingham""]], [""walkable"", [""John_Madin"", ""~architect"", ""Quayside_Tower""]], [""walkable"", [""John_Madin"", ""birthPlace"", ""England""]], [""walkable"", [""John_Madin"", ""birthPlace"", ""Moseley""]]]",[],,,,,,,,
5289,true_to_false_connected,Alan B. Miller Hall is at 101 Ukrop Way and was completed on 1 June 2009.,1,0,"[""Alan_B._Miller_Hall"", ""\""1 June 2009\"""", ""\""101 Ukrop Way\""""]","[""architect"", ""buildingEndDate"", ""~completionDate"", ""completionDate"", ""~buildingEndDate""]",1,2,2,4,0,"[[""connected"", [""\""1 June 2009\"""", ""~buildingEndDate"", ""Alan_B._Miller_Hall""]], [""connected"", [""Alan_B._Miller_Hall"", ""buildingEndDate"", ""\""1 June 2009\""""]], [""walkable"", [""Alan_B._Miller_Hall"", ""architect"", ""Robert_A._M._Stern""]], [""walkable"", [""Alan_B._Miller_Hall"", ""completionDate"", ""\""2009-06-01\""""]]]",[],,,,,,,,
6152,true_to_false_connected,Duncan Rouleau and Steven T. Seagle created Baymax who had his first movie appearance in Big Hero 6.,1,0,"[""Steven_T._Seagle"", ""Baymax"", ""Duncan_Rouleau"", ""\""Big Hero 6(2014)\""""]","[""creator"", ""~creators"", ""~creator"", ""fullName"", ""creators""]",1,8,24,32,0,"[[""connected"", [""Baymax"", ""creator"", ""Duncan_Rouleau""]], [""connected"", [""Baymax"", ""creator"", ""Steven_T._Seagle""]], [""connected"", [""Baymax"", ""creators"", ""Duncan_Rouleau""]], [""connected"", [""Baymax"", ""creators"", ""Steven_T._Seagle""]], [""connected"", [""Duncan_Rouleau"", ""~creators"", ""Baymax""]], [""connected"", [""Duncan_Rouleau"", ""~creator"", ""Baymax""]], [""connected"", [""Steven_T._Seagle"", ""~creators"", ""Baymax""]], [""connected"", [""Steven_T._Seagle"", ""~creator"", ""Baymax""]], [""walkable"", [""Duncan_Rouleau"", ""~creators"", ""Aries_(comics)""]], [""walkable"", [""Duncan_Rouleau"", ""~creators"", ""Axis_Amerika""]], [""walkable"", [""Duncan_Rouleau"", ""~creators"", ""Big_Hero_6_(comics)""]], [""walkable"", [""Duncan_Rouleau"", ""~creators"", ""Bridgette_Crosby""]], [""walkable"", [""Duncan_Rouleau"", ""~creators"", ""GoGo_Tomago""]], [""walkable"", [""Duncan_Rouleau"", ""~creators"", ""Hiro_Takachiho""]], [""walkable"", [""Duncan_Rouleau"", ""~creators"", ""Honey_Lemon""]], [""walkable"", [""Duncan_Rouleau"", ""~creator"", ""Aries_(comics)""]], [""walkable"", [""Duncan_Rouleau"", ""~creator"", ""Bridgette_Crosby""]], [""walkable"", [""Duncan_Rouleau"", ""~creator"", ""Honey_Lemon""]], [""walkable"", [""Steven_T._Seagle"", ""~creators"", ""American_Virgin_(comics)""]], [""walkable"", [""Steven_T._Seagle"", ""~creators"", ""Aries_(comics)""]], [""walkable"", [""Steven_T._Seagle"", ""~creators"", ""Big_Hero_6_(comics)""]], [""walkable"", [""Steven_T._Seagle"", ""~creators"", ""Flex_(comics)""]], [""walkable"", [""Steven_T._Seagle"", ""~creators"", ""GoGo_Tomago""]], [""walkable"", [""Steven_T._Seagle"", ""~creators"", ""Hiro_Takachiho""]], [""walkable"", [""Steven_T._Seagle"", ""~creators"", ""Honey_Lemon""]], [""walkable"", [""Steven_T._Seagle"", ""~creators"", ""Jack_O'Lantern_(DC_Comics)""]], [""walkable"", [""Steven_T._Seagle"", ""~creators"", ""Murmur_(Marvel_Comics)""]], [""walkable"", [""Steven_T._Seagle"", ""~creators"", ""Primal_Force""]], [""walkable"", [""Steven_T._Seagle"", ""~creators"", ""Radius_(comics)""]], [""walkable"", [""Steven_T._Seagle"", ""~creators"", ""Supergirl_(Cir-El)""]], [""walkable"", [""Steven_T._Seagle"", ""~creator"", ""Aries_(comics)""]], [""walkable"", [""Steven_T._Seagle"", ""~creator"", ""Flex_(comics)""]]]",[],,,,,,,,
6184,true_to_false_connected,AFC Blackpool have had Stuart Parker as their manager. He has represented the club KV Mechelen and is a member of the Irlam Town F.C.,1,0,"[""A.F.C._Blackpool"", ""KV_Mechelen"", ""Irlam_Town_F.C."", ""Stuart_Parker_(footballer)""]","[""~manager"", ""managerClub"", ""~team"", ""team"", ""~managerClub""]",1,9,23,32,0,"[[""connected"", [""A.F.C._Blackpool"", ""~team"", ""Stuart_Parker_(footballer)""]], [""connected"", [""A.F.C._Blackpool"", ""~managerClub"", ""Stuart_Parker_(footballer)""]], [""connected"", [""Irlam_Town_F.C."", ""~team"", ""Stuart_Parker_(footballer)""]], [""connected"", [""KV_Mechelen"", ""~team"", ""Stuart_Parker_(footballer)""]], [""connected"", [""Stuart_Parker_(footballer)"", ""~manager"", ""A.F.C._Blackpool""]], [""connected"", [""Stuart_Parker_(footballer)"", ""managerClub"", ""A.F.C._Blackpool""]], [""connected"", [""Stuart_Parker_(footballer)"", ""team"", ""A.F.C._Blackpool""]], [""connected"", [""Stuart_Parker_(footballer)"", ""team"", ""Irlam_Town_F.C.""]], [""connected"", [""Stuart_Parker_(footballer)"", ""team"", ""KV_Mechelen""]], [""walkable"", [""A.F.C._Blackpool"", ""~team"", ""Ciaran_Donnelly""]], [""walkable"", [""A.F.C._Blackpool"", ""~team"", ""Ciaran_Donnelly__10""]], [""walkable"", [""A.F.C._Blackpool"", ""~team"", ""Keigan_Parker""]], [""walkable"", [""A.F.C._Blackpool"", ""~team"", ""Keigan_Parker__11""]], [""walkable"", [""A.F.C._Blackpool"", ""~team"", ""Stuart_Parker_(footballer)__18""]], [""walkable"", [""A.F.C._Blackpool"", ""~team"", ""Stuart_Parker_(footballer)__20""]], [""walkable"", [""Irlam_Town_F.C."", ""~team"", ""Derrick_Parker""]], [""walkable"", [""Irlam_Town_F.C."", ""~team"", ""Derrick_Parker__16""]], [""walkable"", [""Irlam_Town_F.C."", ""~team"", ""Stuart_Parker_(footballer)__14""]], [""walkable"", [""Irlam_Town_F.C."", ""~team"", ""Tony_Caldwell_(footballer)""]], [""walkable"", [""Irlam_Town_F.C."", ""~team"", ""Tony_Caldwell_(footballer)__2""]], [""walkable"", [""KV_Mechelen"", ""~team"", ""1987–88_FC_Dinamo_București_season""]], [""walkable"", [""KV_Mechelen"", ""~team"", ""1988_European_Cup_Winners'_Cup_Final""]], [""walkable"", [""KV_Mechelen"", ""~team"", ""2006–07_Belgian_Cup""]], [""walkable"", [""KV_Mechelen"", ""~team"", ""2007–08_Belgian_Cup""]], [""walkable"", [""KV_Mechelen"", ""~team"", ""2007–08_Standard_Liège_season""]], [""walkable"", [""KV_Mechelen"", ""~team"", ""2008–09_Belgian_Cup""]], [""walkable"", [""KV_Mechelen"", ""~team"", ""2009_Belgian_Cup_Final""]], [""walkable"", [""KV_Mechelen"", ""~team"", ""2009–10_Belgian_Cup""]], [""walkable"", [""KV_Mechelen"", ""~team"", ""2010–11_Belgian_Cup""]], [""walkable"", [""KV_Mechelen"", ""~team"", ""2011–12_Belgian_Cup""]], [""walkable"", [""KV_Mechelen"", ""~team"", ""2011–12_Oud-Heverlee_Leuven_season""]], [""walkable"", [""KV_Mechelen"", ""~team"", ""2012–13_Belgian_Cup""]]]",[],,,,,,,,
6257,true_to_false_connected,The Stargate produced Train song Mermaid of the reggae genre was written by Amund Bjørklund.,1,0,"[""Reggae"", ""Amund_Bjørklund"", ""Stargate_(production_team)"", ""Mermaid_(Train_song)""]","[""producer"", ""genre"", ""~producer"", ""~associatedMusicalArtist"", ""creator""]",1,1,31,32,0,"[[""connected"", [""Mermaid_(Train_song)"", ""genre"", ""Reggae""]], [""walkable"", [""Mermaid_(Train_song)"", ""producer"", ""\""Espionage, Butch Walker\""""]], [""walkable"", [""Mermaid_(Train_song)"", ""producer"", ""Espionage_(production_team)""]], [""walkable"", [""Mermaid_(Train_song)"", ""genre"", ""Pop_rock""]], [""walkable"", [""Stargate_(production_team)"", ""~producer"", ""50/50_&_Lullaby""]], [""walkable"", [""Stargate_(production_team)"", ""~producer"", ""7_(S_Club_7_album)""]], [""walkable"", [""Stargate_(production_team)"", ""~producer"", ""A_Place_with_No_Name""]], [""walkable"", [""Stargate_(production_team)"", ""~producer"", ""A_Public_Affair""]], [""walkable"", [""Stargate_(production_team)"", ""~producer"", ""Alexis_Jordan_(album)""]], [""walkable"", [""Stargate_(production_team)"", ""~producer"", ""All_Kinds_of_Trouble""]], [""walkable"", [""Stargate_(production_team)"", ""~producer"", ""All_Rise_(song)""]], [""walkable"", [""Stargate_(production_team)"", ""~producer"", ""Always_Come_Back_to_Your_Love""]], [""walkable"", [""Stargate_(production_team)"", ""~producer"", ""Ave_Maria_(Beyoncé_song)""]], [""walkable"", [""Stargate_(production_team)"", ""~producer"", ""Be_on_You""]], [""walkable"", [""Stargate_(production_team)"", ""~producer"", ""Beautiful_Monster""]], [""walkable"", [""Stargate_(production_team)"", ""~producer"", ""Because_of_You_(Ne-Yo_album)""]], [""walkable"", [""Stargate_(production_team)"", ""~producer"", ""Because_of_You_(Ne-Yo_song)""]], [""walkable"", [""Stargate_(production_team)"", ""~producer"", ""Blacc_Hollywood""]], [""walkable"", [""Stargate_(production_team)"", ""~producer"", ""Black_Star_Elephant""]], [""walkable"", [""Stargate_(production_team)"", ""~producer"", ""Black_and_Yellow""]], [""walkable"", [""Stargate_(production_team)"", ""~producer"", ""Bye_Bye_(Mariah_Carey_song)""]], [""walkable"", [""Stargate_(production_team)"", ""~producer"", ""Can't_Help_but_Wait""]], [""walkable"", [""Stargate_(production_team)"", ""~producer"", ""Can't_Tell_Me_Nothing_(mixtape)""]], [""walkable"", [""Stargate_(production_team)"", ""~producer"", ""Cannonball_(Lea_Michele_song)""]], [""walkable"", [""Stargate_(production_team)"", ""~producer"", ""Closer_(Ne-Yo_song)""]], [""walkable"", [""Stargate_(production_team)"", ""~producer"", ""Come_&_Get_It_(Selena_Gomez_song)""]], [""walkable"", [""Stargate_(production_team)"", ""~producer"", ""Come_Back_to_Me_(Hikaru_Utada_song)""]], [""walkable"", [""Stargate_(production_team)"", ""~producer"", ""Coming_Home_(Lionel_Richie_album)""]], [""walkable"", [""Stargate_(production_team)"", ""~producer"", ""Contraband_(Madcon_album)""]], [""walkable"", [""Stargate_(production_team)"", ""~producer"", ""Contrast_(Conor_Maynard_album)""]], [""walkable"", [""Stargate_(production_team)"", ""~producer"", ""Crowded""]], [""walkable"", [""Stargate_(production_team)"", ""~producer"", ""Curtain_Falls""]]]",[],,,,,,,,
5895,true_to_false_connected,"103 Colmore Row is located in Colmore Row, Birmingham, England and was completed in 1976 having 23 floors.",1,0,"[""\""1976\"""", ""103_Colmore_Row"", ""\""Colmore Row, Birmingham, England\"""", ""\""23\""""]","[""~floorCount"", ""~completionDate"", ""floorCount"", ""floorArea"", ""completionDate""]",1,4,28,32,0,"[[""connected"", [""\""1976\"""", ""~completionDate"", ""103_Colmore_Row""]], [""connected"", [""\""23\"""", ""~floorCount"", ""103_Colmore_Row""]], [""connected"", [""103_Colmore_Row"", ""floorCount"", ""\""23\""""]], [""connected"", [""103_Colmore_Row"", ""completionDate"", ""\""1976\""""]], [""walkable"", [""\""1976\"""", ""~completionDate"", ""Alexandra_House""]], [""walkable"", [""\""1976\"""", ""~completionDate"", ""Allendale_Square""]], [""walkable"", [""\""1976\"""", ""~completionDate"", ""AllerWeltHaus_Hagen""]], [""walkable"", [""\""1976\"""", ""~completionDate"", ""Astro_Tower""]], [""walkable"", [""\""1976\"""", ""~completionDate"", ""CN_Tower""]], [""walkable"", [""\""1976\"""", ""~completionDate"", ""Cameron_Offices,_Belconnen""]], [""walkable"", [""\""1976\"""", ""~completionDate"", ""Campus_of_the_Massachusetts_Institute_of_Technology""]], [""walkable"", [""\""1976\"""", ""~completionDate"", ""Champasak_Palace""]], [""walkable"", [""\""1976\"""", ""~completionDate"", ""Chatterjee_International_Center""]], [""walkable"", [""\""1976\"""", ""~completionDate"", ""Clorox_Building""]], [""walkable"", [""\""1976\"""", ""~completionDate"", ""Complexe_Desjardins""]], [""walkable"", [""\""1976\"""", ""~completionDate"", ""Durland–Rathbone–Fiedler_Hall""]], [""walkable"", [""\""1976\"""", ""~completionDate"", ""Edgbaston_House""]], [""walkable"", [""\""1976\"""", ""~completionDate"", ""Edward_A._Garmatz_United_States_Courthouse""]], [""walkable"", [""\""1976\"""", ""~completionDate"", ""Empire_State_Plaza""]], [""walkable"", [""\""1976\"""", ""~completionDate"", ""First_Federal_Plaza""]], [""walkable"", [""\""1976\"""", ""~completionDate"", ""First_Place_Hamilton_(building)""]], [""walkable"", [""\""1976\"""", ""~completionDate"", ""Garden_Tower""]], [""walkable"", [""\""1976\"""", ""~completionDate"", ""Holiday_Inn,_Townsville""]], [""walkable"", [""\""1976\"""", ""~completionDate"", ""Hong_Leong_Building""]], [""walkable"", [""\""1976\"""", ""~completionDate"", ""Hotel_Alba_Caracas""]], [""walkable"", [""\""1976\"""", ""~completionDate"", ""Hyatt_Regency_New_Orleans""]], [""walkable"", [""\""1976\"""", ""~completionDate"", ""Hyatt_Regency_Phoenix""]], [""walkable"", [""\""1976\"""", ""~completionDate"", ""IBM_Building,_Johannesburg""]], [""walkable"", [""\""1976\"""", ""~completionDate"", ""International_Plaza_(Singapore)""]], [""walkable"", [""\""1976\"""", ""~completionDate"", ""John_Hancock_Tower""]], [""walkable"", [""\""1976\"""", ""~completionDate"", ""OCBC_Centre""]], [""walkable"", [""\""1976\"""", ""~completionDate"", ""Office_of_the_Bangsamoro_People""]]]",[],,,,,,,,
5374,true_to_false_connected,"I know, Baymax was created by Duncan Rouleau and Steven T. Seagle.",1,0,"[""Steven_T._Seagle"", ""Baymax"", ""Duncan_Rouleau""]","[""~creators"", ""~creator"", ""creator"", ""nationality"", ""creators""]",1,8,24,32,0,"[[""connected"", [""Baymax"", ""creator"", ""Duncan_Rouleau""]], [""connected"", [""Baymax"", ""creator"", ""Steven_T._Seagle""]], [""connected"", [""Baymax"", ""creators"", ""Duncan_Rouleau""]], [""connected"", [""Baymax"", ""creators"", ""Steven_T._Seagle""]], [""connected"", [""Duncan_Rouleau"", ""~creators"", ""Baymax""]], [""connected"", [""Duncan_Rouleau"", ""~creator"", ""Baymax""]], [""connected"", [""Steven_T._Seagle"", ""~creators"", ""Baymax""]], [""connected"", [""Steven_T._Seagle"", ""~creator"", ""Baymax""]], [""walkable"", [""Duncan_Rouleau"", ""~creators"", ""Aries_(comics)""]], [""walkable"", [""Duncan_Rouleau"", ""~creators"", ""Axis_Amerika""]], [""walkable"", [""Duncan_Rouleau"", ""~creators"", ""Big_Hero_6_(comics)""]], [""walkable"", [""Duncan_Rouleau"", ""~creators"", ""Bridgette_Crosby""]], [""walkable"", [""Duncan_Rouleau"", ""~creators"", ""GoGo_Tomago""]], [""walkable"", [""Duncan_Rouleau"", ""~creators"", ""Hiro_Takachiho""]], [""walkable"", [""Duncan_Rouleau"", ""~creators"", ""Honey_Lemon""]], [""walkable"", [""Duncan_Rouleau"", ""~creator"", ""Aries_(comics)""]], [""walkable"", [""Duncan_Rouleau"", ""~creator"", ""Bridgette_Crosby""]], [""walkable"", [""Duncan_Rouleau"", ""~creator"", ""Honey_Lemon""]], [""walkable"", [""Duncan_Rouleau"", ""nationality"", ""\""American\""""]], [""walkable"", [""Duncan_Rouleau"", ""nationality"", ""Americans""]], [""walkable"", [""Steven_T._Seagle"", ""~creators"", ""American_Virgin_(comics)""]], [""walkable"", [""Steven_T._Seagle"", ""~creators"", ""Aries_(comics)""]], [""walkable"", [""Steven_T._Seagle"", ""~creators"", ""Big_Hero_6_(comics)""]], [""walkable"", [""Steven_T._Seagle"", ""~creators"", ""Flex_(comics)""]], [""walkable"", [""Steven_T._Seagle"", ""~creators"", ""GoGo_Tomago""]], [""walkable"", [""Steven_T._Seagle"", ""~creators"", ""Hiro_Takachiho""]], [""walkable"", [""Steven_T._Seagle"", ""~creators"", ""Honey_Lemon""]], [""walkable"", [""Steven_T._Seagle"", ""~creators"", ""Jack_O'Lantern_(DC_Comics)""]], [""walkable"", [""Steven_T._Seagle"", ""~creators"", ""Murmur_(Marvel_Comics)""]], [""walkable"", [""Steven_T._Seagle"", ""~creators"", ""Primal_Force""]], [""walkable"", [""Steven_T._Seagle"", ""~creators"", ""Radius_(comics)""]], [""walkable"", [""Steven_T._Seagle"", ""~creators"", ""Supergirl_(Cir-El)""]]]",[],,,,,,,,
5974,true_to_false_connected,"The comic book character Arion, aka Ahri'ahn, was created by Jan Duursema and Paul Kupperberg.",1,0,"[""Jan_Duursema"", ""Arion_(comics)"", ""\""Ahri'ahn\"""", ""Paul_Kupperberg""]","[""~creators"", ""~creator"", ""nationality"", ""creator"", ""~nationality""]",1,6,26,32,0,"[[""connected"", [""Arion_(comics)"", ""creator"", ""Jan_Duursema""]], [""connected"", [""Arion_(comics)"", ""creator"", ""Paul_Kupperberg""]], [""connected"", [""Jan_Duursema"", ""~creators"", ""Arion_(comics)""]], [""connected"", [""Jan_Duursema"", ""~creator"", ""Arion_(comics)""]], [""connected"", [""Paul_Kupperberg"", ""~creators"", ""Arion_(comics)""]], [""connected"", [""Paul_Kupperberg"", ""~creator"", ""Arion_(comics)""]], [""walkable"", [""Paul_Kupperberg"", ""~creators"", ""Black_Thorn_(comics)""]], [""walkable"", [""Paul_Kupperberg"", ""~creators"", ""Celsius_(comics)""]], [""walkable"", [""Paul_Kupperberg"", ""~creators"", ""Centrix""]], [""walkable"", [""Paul_Kupperberg"", ""~creators"", ""Ch'p""]], [""walkable"", [""Paul_Kupperberg"", ""~creators"", ""Checkmate_(comics)""]], [""walkable"", [""Paul_Kupperberg"", ""~creators"", ""Dorothy_Spinner""]], [""walkable"", [""Paul_Kupperberg"", ""~creators"", ""General_Glory""]], [""walkable"", [""Paul_Kupperberg"", ""~creators"", ""H'lven""]], [""walkable"", [""Paul_Kupperberg"", ""~creators"", ""Harry_Stein_(comics)""]], [""walkable"", [""Paul_Kupperberg"", ""~creators"", ""Joshua_Clay""]], [""walkable"", [""Paul_Kupperberg"", ""~creators"", ""Psi_(comics)""]], [""walkable"", [""Paul_Kupperberg"", ""~creators"", ""Reactron""]], [""walkable"", [""Paul_Kupperberg"", ""~creators"", ""Rhea_Jones""]], [""walkable"", [""Paul_Kupperberg"", ""~creators"", ""Takion""]], [""walkable"", [""Paul_Kupperberg"", ""~creators"", ""Valentina_Vostok""]], [""walkable"", [""Paul_Kupperberg"", ""~creator"", ""Black_Thorn_(comics)""]], [""walkable"", [""Paul_Kupperberg"", ""~creator"", ""Celsius_(comics)""]], [""walkable"", [""Paul_Kupperberg"", ""~creator"", ""Centrix""]], [""walkable"", [""Paul_Kupperberg"", ""~creator"", ""Ch'p""]], [""walkable"", [""Paul_Kupperberg"", ""~creator"", ""Dorothy_Spinner""]], [""walkable"", [""Paul_Kupperberg"", ""~creator"", ""General_Glory""]], [""walkable"", [""Paul_Kupperberg"", ""~creator"", ""Harry_Stein_(comics)""]], [""walkable"", [""Paul_Kupperberg"", ""~creator"", ""Joshua_Clay""]], [""walkable"", [""Paul_Kupperberg"", ""~creator"", ""Psi_(comics)""]], [""walkable"", [""Paul_Kupperberg"", ""~creator"", ""Reactron""]], [""walkable"", [""Paul_Kupperberg"", ""~creator"", ""Rhea_Jones""]]]",[],,,,,,,,
5787,true_to_false_no_path,"Adams County, Pennsylvania, United States is home to the 11th Mississippi Infantry Monument.",1,0,"[""11th_Mississippi_Infantry_Monument"", ""Adams_County,_Pennsylvania"", ""\""United States\""""]","[""location"", ""regionServed"", ""locationCountry"", ""city"", ""headquarter""]",1,0,0,0,0,[],[],,,,,,,,
5168,true_to_false_no_path,Agra airport is in India and they have the ATA location identifier AGR.,1,0,"[""India"", ""Agra_Airport"", ""\""AGR\""""]","[""~faa"", ""faa"", ""order"", ""runwaySurface"", ""r3Surface""]",2,0,0,0,0,[],[],,,,,,,,
5478,true_to_false_no_path,The 11th Mississippi Infantry Monument falls under the category of Contributing property and is placed in the municipality of Gettysburg in Pennsylvania.,1,0,"[""11th_Mississippi_Infantry_Monument"", ""Contributing_property"", ""Gettysburg,_Pennsylvania""]","[""material"", ""currentTenants"", ""dedicatedTo"", ""architect"", ""faa""]",1,0,0,0,0,[],[],,,,,,,,
7364,true_to_false_no_path,"I remembered that the 11th Mississippi Infantry Monument, a contributing property, is located in Adams County, Pennsylvania which is east to the Pennsylvania's Franklin County.",1,0,"[""Franklin_County,_Pennsylvania"", ""11th_Mississippi_Infantry_Monument"", ""Adams_County,_Pennsylvania"", ""Contributing_property""]","[""location"", ""nrhpReferenceNumber"", ""material"", ""yearOfConstruction"", ""added""]",1,0,0,0,0,[],[],,,,,,,,
5741,true_to_false_no_path,Frederick County Maryland is southwest of Adams County Pennsylvania which is home to the 11th Mississippi Infantry Monument.,1,0,"[""Frederick_County,_Maryland"", ""11th_Mississippi_Infantry_Monument"", ""Adams_County,_Pennsylvania""]","[""city"", ""headquarters"", ""location"", ""~ground"", ""rector""]",1,0,0,0,0,[],[],,,,,,,,
5499,true_to_false_walkable_only,"To the southeast of Adams County, Pennsylvania, where 11th Mississippi Infantry Monument is located, lies Carroll County, Maryland.",1,0,"[""Carroll_County,_Maryland"", ""11th_Mississippi_Infantry_Monument"", ""Adams_County,_Pennsylvania""]","[""location"", ""headquarters"", ""~northeast"", ""northeast"", ""MeanOfTransportation/diameter""]",1,0,1,1,0,"[[""walkable"", [""Carroll_County,_Maryland"", ""northeast"", ""\""York County, Pennsylvania\""""]]]",[],,,,,,,,
5794,true_to_false_walkable_only,"Well the 11th Mississippi Infantry Monument stands in Adams County, Pennsylvania.",1,0,"[""\""Pennsylvania\"""", ""11th_Mississippi_Infantry_Monument"", ""Adams_County,_Pennsylvania""]","[""location"", ""material"", ""dedicatedTo"", ""~location"", ""isPartOf""]",1,0,16,16,0,"[[""walkable"", [""\""Pennsylvania\"""", ""~location"", ""Houdini_Museum""]], [""walkable"", [""\""Pennsylvania\"""", ""~location"", ""Idlewild_and_Soak_Zone""]], [""walkable"", [""\""Pennsylvania\"""", ""~location"", ""Knoebels_Amusement_Resort""]], [""walkable"", [""\""Pennsylvania\"""", ""~location"", ""Lakemont_Park""]], [""walkable"", [""\""Pennsylvania\"""", ""~location"", ""Leonard_Davis_Institute_of_Health_Economics""]], [""walkable"", [""\""Pennsylvania\"""", ""~location"", ""List_of_Pennsylvania_weather_records""]], [""walkable"", [""\""Pennsylvania\"""", ""~location"", ""The_Farnsworth_House_Inn""]], [""walkable"", [""\""Pennsylvania\"""", ""~location"", ""Uplifting_Entertainment""]], [""walkable"", [""\""Pennsylvania\"""", ""~location"", ""Washington_Run_Railroad""]], [""walkable"", [""Adams_County,_Pennsylvania"", ""~location"", ""Camp_Colt,_Pennsylvania""]], [""walkable"", [""Adams_County,_Pennsylvania"", ""~location"", ""Carbaugh_Run_Rhyolite_Quarry_Site""]], [""walkable"", [""Adams_County,_Pennsylvania"", ""~location"", ""Cemetery_Ridge""]], [""walkable"", [""Adams_County,_Pennsylvania"", ""~location"", ""East_Cemetery_Hill""]], [""walkable"", [""Adams_County,_Pennsylvania"", ""~location"", ""Gettysburg_Battlefield_Historic_District""]], [""walkable"", [""Adams_County,_Pennsylvania"", ""~location"", ""Gettysburg_Electric_Railway""]], [""walkable"", [""Adams_County,_Pennsylvania"", ""~location"", ""Gettysburg_National_Military_Park""]]]",[],,,,,,,,
5786,true_to_false_walkable_only,Abdul Taib Mahmud is a part of the Parti Pesaka Bumiputera Bersatu in Sarawak.,1,0,"[""Parti_Pesaka_Bumiputera_Bersatu"", ""Sarawak"", ""Abdul_Taib_Mahmud""]","[""~team"", ""~birthPlace"", ""occupation"", ""status"", ""president""]",1,0,32,32,0,"[[""walkable"", [""Parti_Pesaka_Bumiputera_Bersatu"", ""president"", ""Adenan_Satem""]], [""walkable"", [""Sarawak"", ""~birthPlace"", ""Abdul_Rahman_Ya'kub""]], [""walkable"", [""Sarawak"", ""~birthPlace"", ""Aidil_Mohammad""]], [""walkable"", [""Sarawak"", ""~birthPlace"", ""Alan_Ling_Sie_Kiong""]], [""walkable"", [""Sarawak"", ""~birthPlace"", ""Annuar_Rapaee""]], [""walkable"", [""Sarawak"", ""~birthPlace"", ""Azizan_Saperi""]], [""walkable"", [""Sarawak"", ""~birthPlace"", ""Bolly_Lapok""]], [""walkable"", [""Sarawak"", ""~birthPlace"", ""Bryan_Nickson_Lomas""]], [""walkable"", [""Sarawak"", ""~birthPlace"", ""Chan_Seng_Khai""]], [""walkable"", [""Sarawak"", ""~birthPlace"", ""Chong_Chieng_Jen""]], [""walkable"", [""Sarawak"", ""~birthPlace"", ""Clare_Rewcastle_Brown""]], [""walkable"", [""Sarawak"", ""~birthPlace"", ""Dan_Sullivan_(Australian_politician)""]], [""walkable"", [""Sarawak"", ""~birthPlace"", ""Daniel_Bego""]], [""walkable"", [""Sarawak"", ""~birthPlace"", ""Depha_masterpiece""]], [""walkable"", [""Sarawak"", ""~birthPlace"", ""Dewi_Liana_Seriestha""]], [""walkable"", [""Sarawak"", ""~birthPlace"", ""Elizabeth_Jimie""]], [""walkable"", [""Sarawak"", ""~birthPlace"", ""Elwyn_Brook-Jones""]], [""walkable"", [""Sarawak"", ""~birthPlace"", ""George_Chan_Hong_Nam""]], [""walkable"", [""Sarawak"", ""~birthPlace"", ""Gilbert_Cassidy_Gawing""]], [""walkable"", [""Sarawak"", ""~birthPlace"", ""Hii_King_Chiong""]], [""walkable"", [""Sarawak"", ""~birthPlace"", ""James_Chan_Khay_Syn""]], [""walkable"", [""Sarawak"", ""~birthPlace"", ""Joseph_Kalang_Tie""]], [""walkable"", [""Sarawak"", ""~birthPlace"", ""Julian_Tan_Kok_Ping""]], [""walkable"", [""Sarawak"", ""~birthPlace"", ""Kanang_anak_Langkau""]], [""walkable"", [""Sarawak"", ""~birthPlace"", ""Koreyoshi_Kurahara""]], [""walkable"", [""Sarawak"", ""~birthPlace"", ""Lana_Nodin""]], [""walkable"", [""Sarawak"", ""~birthPlace"", ""Made_Katib""]], [""walkable"", [""Sarawak"", ""~birthPlace"", ""Mazwandi_Zekeria""]], [""walkable"", [""Sarawak"", ""~birthPlace"", ""Melvin_Sia""]], [""walkable"", [""Sarawak"", ""~birthPlace"", ""Mohd_Azlan_Iskandar""]], [""walkable"", [""Sarawak"", ""~birthPlace"", ""Mohd_Dzulazlan_Ibrahim""]], [""walkable"", [""Sarawak"", ""~birthPlace"", ""Mohd_Dzulfadli_Awang_Marajeh""]]]",[],,,,,,,,
6424,true_to_false_walkable_only,Alvah Sabin was from Vermont where the largest city is Burlington and represented the state's 3rd Congressional District.,1,0,"[""Alvah_Sabin"", ""Burlington,_Vermont"", ""Vermont"", ""Vermont's_3rd_congressional_district"", ""\""Vermont\""""]","[""nationality"", ""deathPlace"", ""~birthPlace"", ""~office"", ""residence""]",1,0,32,32,0,"[[""walkable"", [""\""Vermont\"""", ""~birthPlace"", ""Dave_Rogers_(NASCAR)""]], [""walkable"", [""\""Vermont\"""", ""~birthPlace"", ""Karen_Anders""]], [""walkable"", [""\""Vermont\"""", ""~birthPlace"", ""Robert_Hastings_Hunkins""]], [""walkable"", [""Alvah_Sabin"", ""deathPlace"", ""Sycamore,_Illinois""]], [""walkable"", [""Burlington,_Vermont"", ""~birthPlace"", ""Adam_Grimes""]], [""walkable"", [""Burlington,_Vermont"", ""~birthPlace"", ""Albert_Wheeler_Coffrin""]], [""walkable"", [""Burlington,_Vermont"", ""~birthPlace"", ""Andrea_Davidovich""]], [""walkable"", [""Burlington,_Vermont"", ""~birthPlace"", ""Anne_Donahue""]], [""walkable"", [""Burlington,_Vermont"", ""~birthPlace"", ""Ben_Kinmont""]], [""walkable"", [""Burlington,_Vermont"", ""~birthPlace"", ""Billy_Kidd""]], [""walkable"", [""Burlington,_Vermont"", ""~birthPlace"", ""Birdie_Tebbetts""]], [""walkable"", [""Burlington,_Vermont"", ""~birthPlace"", ""Brian_D._Burns""]], [""walkable"", [""Burlington,_Vermont"", ""~birthPlace"", ""Caroline_Bright""]], [""walkable"", [""Burlington,_Vermont"", ""~birthPlace"", ""Charles_Doolittle""]], [""walkable"", [""Burlington,_Vermont"", ""~birthPlace"", ""Christian_XXX""]], [""walkable"", [""Burlington,_Vermont"", ""~birthPlace"", ""Donald_DeMag""]], [""walkable"", [""Burlington,_Vermont"", ""~birthPlace"", ""Doug_Racine""]], [""walkable"", [""Burlington,_Vermont"", ""~birthPlace"", ""Edward_D._Robie""]], [""walkable"", [""Burlington,_Vermont"", ""~birthPlace"", ""Edward_G._Wilkin""]], [""walkable"", [""Burlington,_Vermont"", ""~birthPlace"", ""Elizabeth_M._Ready""]], [""walkable"", [""Burlington,_Vermont"", ""~birthPlace"", ""Erica_Skinger""]], [""walkable"", [""Burlington,_Vermont"", ""~birthPlace"", ""Ernest_Owusu""]], [""walkable"", [""Burlington,_Vermont"", ""~birthPlace"", ""Field_Cate""]], [""walkable"", [""Burlington,_Vermont"", ""~birthPlace"", ""Gary_Wright_(ice_hockey)""]], [""walkable"", [""Burlington,_Vermont"", ""~birthPlace"", ""Geoffrey_W._Crawford""]], [""walkable"", [""Burlington,_Vermont"", ""~birthPlace"", ""George_G._Benedict""]], [""walkable"", [""Burlington,_Vermont"", ""~birthPlace"", ""Grace_Coolidge""]], [""walkable"", [""Burlington,_Vermont"", ""~birthPlace"", ""Harry_Blanchard""]], [""walkable"", [""Burlington,_Vermont"", ""~birthPlace"", ""Jackie_Croft""]], [""walkable"", [""Burlington,_Vermont"", ""~birthPlace"", ""Jacqueline_Noonan""]], [""walkable"", [""Burlington,_Vermont"", ""~birthPlace"", ""James_B._Twitchell""]], [""walkable"", [""Burlington,_Vermont"", ""~birthPlace"", ""James_P._Leddy""]]]",[],,,,,,,,
5486,true_to_false_walkable_only,"The 11th Mississippi Infantry Monument in Adams County, Pennsylvania was made in 2000.",1,0,"[""\""2000\"""", ""11th_Mississippi_Infantry_Monument"", ""Adams_County,_Pennsylvania""]","[""architect"", ""buildingEndDate"", ""material"", ""~location"", ""~buildingEndDate""]",1,0,32,32,0,"[[""walkable"", [""\""2000\"""", ""~location"", ""2000_Market_Street""]], [""walkable"", [""\""2000\"""", ""~location"", ""Albuquerque_Museum_of_Art_and_History""]], [""walkable"", [""\""2000\"""", ""~location"", ""AnMed_Health_Women's_&_Children's_Hospital""]], [""walkable"", [""\""2000\"""", ""~location"", ""Angel_Stadium_of_Anaheim""]], [""walkable"", [""\""2000\"""", ""~location"", ""Annenberg_Foundation""]], [""walkable"", [""\""2000\"""", ""~location"", ""Ares_Management""]], [""walkable"", [""\""2000\"""", ""~location"", ""Babcock-Shattuck_House""]], [""walkable"", [""\""2000\"""", ""~location"", ""Barlow_Respiratory_Hospital""]], [""walkable"", [""\""2000\"""", ""~location"", ""Beth_Israel_Congregation_(Ann_Arbor,_Michigan)""]], [""walkable"", [""\""2000\"""", ""~location"", ""Birmingham_Museum_of_Art""]], [""walkable"", [""\""2000\"""", ""~location"", ""Blackbaud""]], [""walkable"", [""\""2000\"""", ""~location"", ""Buena_Vista_Downtown_Historic_District""]], [""walkable"", [""\""2000\"""", ""~location"", ""CenturyLink_Center""]], [""walkable"", [""\""2000\"""", ""~location"", ""Cibola_County_Correctional_Center""]], [""walkable"", [""\""2000\"""", ""~location"", ""Concord_Pavilion""]], [""walkable"", [""\""2000\"""", ""~location"", ""D'Iberville_Apartments""]], [""walkable"", [""\""2000\"""", ""~location"", ""David_and_Lucy_Tarr_Fleming_Mansion""]], [""walkable"", [""\""2000\"""", ""~location"", ""Doctors_Medical_Center_San_Pablo_Campus""]], [""walkable"", [""\""2000\"""", ""~location"", ""East_Providence_High_School""]], [""walkable"", [""\""2000\"""", ""~location"", ""Edward_D._Hansen_Conference_Center""]], [""walkable"", [""\""2000\"""", ""~location"", ""Fearrington_Village""]], [""walkable"", [""\""2000\"""", ""~location"", ""First_Christian_Church_(Longview,_Washington)""]], [""walkable"", [""\""2000\"""", ""~location"", ""First_Church_of_Christ,_Scientist_(Little_Rock,_Arkansas)""]], [""walkable"", [""\""2000\"""", ""~location"", ""Ford_Field""]], [""walkable"", [""\""2000\"""", ""~location"", ""Former_Parks-Cramer_Company_Complex""]], [""walkable"", [""\""2000\"""", ""~location"", ""Gas_Works_Park""]], [""walkable"", [""\""2000\"""", ""~location"", ""Gen._John_Stark_House""]], [""walkable"", [""\""2000\"""", ""~location"", ""Granbury_High_School""]], [""walkable"", [""\""2000\"""", ""~location"", ""Greater_Cleveland_Aquarium""]], [""walkable"", [""\""2000\"""", ""~location"", ""Greene-Marston_House""]], [""walkable"", [""\""2000\"""", ""~location"", ""Hawthorne_Christian_Academy""]], [""walkable"", [""\""2000\"""", ""~location"", ""Herndon_Hall""]]]",[],,,,,,,,
2664,false_to_true,Acura is a division of Honda which manufactured the Acura TLX which has a OHV single.,0,1,"[""Acura_TLX"", ""Honda"", ""Acura"", ""\""OHV single\""""]","[""~enginetype"", ""~class"", ""~division"", ""~bodyStyle"", ""~unrankedDivisio""]",1,1,0,1,0,"[[""connected"", [""Acura"", ""~division"", ""Honda""]]]",[],,,,,,,,
1684,false_to_true,He died in Montevideo. The leader of Montevideo is Daniel Martinez.,0,1,"[""\""Daniel_Martínez_(politician)\"""", ""Montevideo"", ""Bohdan_Pawłowicz""]","[""deathPlace"", ""~leaderName"", ""~placeOfDeath"", ""~deathPlace"", ""~birthPlace""]",1,1,31,32,0,"[[""connected"", [""\""Daniel_Martínez_(politician)\"""", ""~leaderName"", ""Montevideo""]], [""walkable"", [""Bohdan_Pawłowicz"", ""deathPlace"", ""\""New York State, US\""""]], [""walkable"", [""Bohdan_Pawłowicz"", ""deathPlace"", ""New_York""]], [""walkable"", [""Montevideo"", ""~placeOfDeath"", ""Alberto_Abdala""]], [""walkable"", [""Montevideo"", ""~placeOfDeath"", ""Alberto_Héber_Usher""]], [""walkable"", [""Montevideo"", ""~placeOfDeath"", ""Alberto_Suppici""]], [""walkable"", [""Montevideo"", ""~placeOfDeath"", ""Andrés_Martínez_Trueba""]], [""walkable"", [""Montevideo"", ""~placeOfDeath"", ""Aparicio_Méndez""]], [""walkable"", [""Montevideo"", ""~placeOfDeath"", ""Atilio_García""]], [""walkable"", [""Montevideo"", ""~placeOfDeath"", ""Baltasar_Brum""]], [""walkable"", [""Montevideo"", ""~placeOfDeath"", ""Carlos_Parteli""]], [""walkable"", [""Montevideo"", ""~placeOfDeath"", ""Carmen_Barradas""]], [""walkable"", [""Montevideo"", ""~placeOfDeath"", ""Diego_Rodríguez_Cano""]], [""walkable"", [""Montevideo"", ""~placeOfDeath"", ""Duncan_Stewart_(Uruguayan_politician)""]], [""walkable"", [""Montevideo"", ""~placeOfDeath"", ""Eladio_Dieste""]], [""walkable"", [""Montevideo"", ""~placeOfDeath"", ""Elena_Zuasti""]], [""walkable"", [""Montevideo"", ""~placeOfDeath"", ""Eliana_Ramos""]], [""walkable"", [""Montevideo"", ""~placeOfDeath"", ""Enrique_Ballestrero""]], [""walkable"", [""Montevideo"", ""~placeOfDeath"", ""Enrique_Tarigo""]], [""walkable"", [""Montevideo"", ""~placeOfDeath"", ""Ernesto_Mascheroni""]], [""walkable"", [""Montevideo"", ""~placeOfDeath"", ""Esteban_Echeverría""]], [""walkable"", [""Montevideo"", ""~placeOfDeath"", ""Esther_de_Cáceres""]], [""walkable"", [""Montevideo"", ""~placeOfDeath"", ""Eugen_Relgis""]], [""walkable"", [""Montevideo"", ""~placeOfDeath"", ""Francisco_Antonino_Vidal""]], [""walkable"", [""Montevideo"", ""~placeOfDeath"", ""Francisco_Antonio_Maciel""]], [""walkable"", [""Montevideo"", ""~placeOfDeath"", ""Gigi_Peronace""]], [""walkable"", [""Montevideo"", ""~placeOfDeath"", ""Herberts_Cukurs""]], [""walkable"", [""Montevideo"", ""~placeOfDeath"", ""Hermann_Vallendor""]], [""walkable"", [""Montevideo"", ""~placeOfDeath"", ""Inocencio_María_Yéregui""]], [""walkable"", [""Montevideo"", ""~placeOfDeath"", ""Jorge_Pacheco_Areco""]], [""walkable"", [""Montevideo"", ""~placeOfDeath"", ""José_Batlle_y_Ordóñez""]], [""walkable"", [""Montevideo"", ""~placeOfDeath"", ""José_Eugenio_Ellauri""]]]",[],,,,,,,,
2779,false_to_true,The Alan B. Miller Hall was completed on 1st June 2009 and currently hosts the US Ontario Court of Justice.,0,1,"[""United_States"", ""Alan_B._Miller_Hall"", ""\""1 June 2009\"""", ""Ontario_Court_of_Justice""]","[""completionDate"", ""architect"", ""buildingEndDate"", ""location"", ""country""]",1,1,5,6,0,"[[""connected"", [""Alan_B._Miller_Hall"", ""buildingEndDate"", ""\""1 June 2009\""""]], [""walkable"", [""Alan_B._Miller_Hall"", ""completionDate"", ""\""2009-06-01\""""]], [""walkable"", [""Alan_B._Miller_Hall"", ""architect"", ""Robert_A._M._Stern""]], [""walkable"", [""Alan_B._Miller_Hall"", ""location"", ""Virginia""]], [""walkable"", [""Alan_B._Miller_Hall"", ""location"", ""Williamsburg,_Virginia""]], [""walkable"", [""Ontario_Court_of_Justice"", ""country"", ""\""Ontario\""""]]]",[],,,,,,,,
1218,false_to_true,"Alfredo Zitarrosa died in Luquillo, Puerto Rico, a country led by Raul Fernando Sendic Rodriguez.",0,1,"[""Alfredo_Zitarrosa"", ""Raúl_Fernando_Sendic_Rodríguez"", ""Luquillo,_Puerto_Rico""]","[""leaderName"", ""deathPlace"", ""placeOfDeath"", ""leaderTitle"", ""~placeOfDeath""]",1,0,12,12,0,"[[""walkable"", [""Alfredo_Zitarrosa"", ""deathPlace"", ""Montevideo""]], [""walkable"", [""Alfredo_Zitarrosa"", ""deathPlace"", ""Uruguay""]], [""walkable"", [""Alfredo_Zitarrosa"", ""placeOfDeath"", ""\""Montevideo, Uruguay\""""]], [""walkable"", [""Luquillo,_Puerto_Rico"", ""leaderName"", ""\""36\""""]], [""walkable"", [""Luquillo,_Puerto_Rico"", ""leaderName"", ""\""8\""""]], [""walkable"", [""Luquillo,_Puerto_Rico"", ""leaderName"", ""\""Hon. Jesús Márquez Rodríguez\""""]], [""walkable"", [""Luquillo,_Puerto_Rico"", ""leaderName"", ""Jesús_Márquez_Rodríguez""]], [""walkable"", [""Luquillo,_Puerto_Rico"", ""leaderName"", ""Puerto_Rico_Senatorial_district_VIII""]], [""walkable"", [""Luquillo,_Puerto_Rico"", ""leaderTitle"", ""\""Mayor\""""]], [""walkable"", [""Luquillo,_Puerto_Rico"", ""leaderTitle"", ""\""Representative dist.\""""]], [""walkable"", [""Luquillo,_Puerto_Rico"", ""leaderTitle"", ""\""Senatorial dist.\""""]], [""walkable"", [""Luquillo,_Puerto_Rico"", ""leaderTitle"", ""Mayor""]]]",[],,,,,,,,
1834,false_to_true,The song Mermaid by the band Train written by Jason Popson is on the Sony Music Entertainment record label.,0,1,"[""Mermaid_(Train_song)"", ""Sony_Music_Entertainment"", ""Jason_Popson""]","[""author"", ""mediaType"", ""isbn"", ""recordLabel"", ""~author""]",1,1,1,2,0,"[[""connected"", [""Mermaid_(Train_song)"", ""recordLabel"", ""Sony_Music_Entertainment""]], [""walkable"", [""Mermaid_(Train_song)"", ""recordLabel"", ""Columbia_Records""]]]",[],,,,,,,,
2312,false_to_true,The manager of A.F.C. Blackpool is Stuart Parker (footballer) who is attached to Chesterfield football club and plays for North Shields A.F.C.,0,1,"[""Chesterfield_F.C."", ""A.F.C._Blackpool"", ""Stuart_Parker_(footballer)"", ""North_Shields_A.F.C.""]","[""~manager"", ""~team"", ""managerClub"", ""team"", ""~managerClub""]",1,7,25,32,0,"[[""connected"", [""A.F.C._Blackpool"", ""~team"", ""Stuart_Parker_(footballer)""]], [""connected"", [""A.F.C._Blackpool"", ""~managerClub"", ""Stuart_Parker_(footballer)""]], [""connected"", [""Chesterfield_F.C."", ""~team"", ""Stuart_Parker_(footballer)""]], [""connected"", [""Stuart_Parker_(footballer)"", ""~manager"", ""A.F.C._Blackpool""]], [""connected"", [""Stuart_Parker_(footballer)"", ""managerClub"", ""A.F.C._Blackpool""]], [""connected"", [""Stuart_Parker_(footballer)"", ""team"", ""A.F.C._Blackpool""]], [""connected"", [""Stuart_Parker_(footballer)"", ""team"", ""Chesterfield_F.C.""]], [""walkable"", [""A.F.C._Blackpool"", ""~team"", ""Ciaran_Donnelly""]], [""walkable"", [""A.F.C._Blackpool"", ""~team"", ""Ciaran_Donnelly__10""]], [""walkable"", [""A.F.C._Blackpool"", ""~team"", ""Keigan_Parker""]], [""walkable"", [""A.F.C._Blackpool"", ""~team"", ""Keigan_Parker__11""]], [""walkable"", [""A.F.C._Blackpool"", ""~team"", ""Stuart_Parker_(footballer)__18""]], [""walkable"", [""A.F.C._Blackpool"", ""~team"", ""Stuart_Parker_(footballer)__20""]], [""walkable"", [""Chesterfield_F.C."", ""~team"", ""1891–92_Sheffield_United_F.C._season""]], [""walkable"", [""Chesterfield_F.C."", ""~team"", ""1895–96_Newcastle_United_F.C._season""]], [""walkable"", [""Chesterfield_F.C."", ""~team"", ""1921–22_Nelson_F.C._season""]], [""walkable"", [""Chesterfield_F.C."", ""~team"", ""1975–76_Cardiff_City_F.C._season""]], [""walkable"", [""Chesterfield_F.C."", ""~team"", ""1982–83_Cardiff_City_F.C._season""]], [""walkable"", [""Chesterfield_F.C."", ""~team"", ""1990_Football_League_play-offs""]], [""walkable"", [""Chesterfield_F.C."", ""~team"", ""1994–95_Wolverhampton_Wanderers_F.C._season""]], [""walkable"", [""Chesterfield_F.C."", ""~team"", ""1995_Football_League_Third_Division_play-off_Final""]], [""walkable"", [""Chesterfield_F.C."", ""~team"", ""1995_Football_League_play-offs""]], [""walkable"", [""Chesterfield_F.C."", ""~team"", ""1995–96_Burnley_F.C._season""]], [""walkable"", [""Chesterfield_F.C."", ""~team"", ""1996–97_Burnley_F.C._season""]], [""walkable"", [""Chesterfield_F.C."", ""~team"", ""1996–97_Chesterfield_F.C._season""]], [""walkable"", [""Chesterfield_F.C."", ""~team"", ""1996–97_FA_Cup""]], [""walkable"", [""Chesterfield_F.C."", ""~team"", ""1997–98_Burnley_F.C._season""]], [""walkable"", [""Chesterfield_F.C."", ""~team"", ""1998–99_Burnley_F.C._season""]], [""walkable"", [""Chesterfield_F.C."", ""~team"", ""1998–99_Fulham_F.C._season""]], [""walkable"", [""Chesterfield_F.C."", ""~team"", ""1998–99_Manchester_City_F.C._season""]], [""walkable"", [""Chesterfield_F.C."", ""~team"", ""1998–99_Reading_F.C._season""]], [""walkable"", [""Chesterfield_F.C."", ""~team"", ""1999–2000_Burnley_F.C._season""]]]",[],,,,,,,,
2374,false_to_true,"The College of William and Mary is the owner of the Alan B. Miller Hall in Corpus Christi, Texas, USA which began construction on 30 March, 2007.",0,1,"[""College_of_William_&_Mary"", ""\""30 March 2007\"""", ""Alan_B._Miller_Hall"", ""\""Corpus Christi, Texas, USA\""""]","[""~owner"", ""owner"", ""completionDate"", ""architect"", ""~location""]",1,2,12,14,0,"[[""connected"", [""Alan_B._Miller_Hall"", ""owner"", ""College_of_William_&_Mary""]], [""connected"", [""College_of_William_&_Mary"", ""~owner"", ""Alan_B._Miller_Hall""]], [""walkable"", [""\""Corpus Christi, Texas, USA\"""", ""~location"", ""World_Fantasy_Convention""]], [""walkable"", [""Alan_B._Miller_Hall"", ""completionDate"", ""\""2009-06-01\""""]], [""walkable"", [""Alan_B._Miller_Hall"", ""architect"", ""Robert_A._M._Stern""]], [""walkable"", [""College_of_William_&_Mary"", ""~owner"", ""Blow_Gymnasium""]], [""walkable"", [""College_of_William_&_Mary"", ""~owner"", ""Busch_Field""]], [""walkable"", [""College_of_William_&_Mary"", ""~owner"", ""Jimmye_Laycock_Football_Center""]], [""walkable"", [""College_of_William_&_Mary"", ""~owner"", ""McCormack–Nagelsen_Tennis_Center""]], [""walkable"", [""College_of_William_&_Mary"", ""~owner"", ""Millie_West_Tennis_Facility""]], [""walkable"", [""College_of_William_&_Mary"", ""~owner"", ""Plumeri_Park""]], [""walkable"", [""College_of_William_&_Mary"", ""~owner"", ""WCWM""]], [""walkable"", [""College_of_William_&_Mary"", ""~owner"", ""William_&_Mary_Hall""]], [""walkable"", [""College_of_William_&_Mary"", ""~owner"", ""Zable_Stadium""]]]",[],,,,,,,,
1678,false_to_true,A Wizard of Mars is published in Print ; Digital and was written by Diane Duane.,0,1,"[""A_Wizard_of_Mars"", ""Diane_Duane"", ""\""Print ; Digital\""""]","[""mediaType"", ""author"", ""~mediaType"", ""isbn"", ""~author""]",1,2,30,32,0,"[[""connected"", [""A_Wizard_of_Mars"", ""author"", ""Diane_Duane""]], [""connected"", [""Diane_Duane"", ""~author"", ""A_Wizard_of_Mars""]], [""walkable"", [""\""Print ; Digital\"""", ""~mediaType"", ""Sole_Agent_(novel)""]], [""walkable"", [""\""Print ; Digital\"""", ""~mediaType"", ""Spy_in_Chancery_(novel)""]], [""walkable"", [""\""Print ; Digital\"""", ""~mediaType"", ""Twenty-fourth_Level_(novel)""]], [""walkable"", [""A_Wizard_of_Mars"", ""mediaType"", ""\""Print\""""]], [""walkable"", [""A_Wizard_of_Mars"", ""mediaType"", ""Hardcover""]], [""walkable"", [""A_Wizard_of_Mars"", ""isbn"", ""\""978\""""]], [""walkable"", [""A_Wizard_of_Mars"", ""isbn"", ""\""978-0-15-204770-2\""""]], [""walkable"", [""Diane_Duane"", ""~author"", ""A_Wizard_Abroad""]], [""walkable"", [""Diane_Duane"", ""~author"", ""A_Wizard_Alone""]], [""walkable"", [""Diane_Duane"", ""~author"", ""Dark_Mirror_(Star_Trek_novel)""]], [""walkable"", [""Diane_Duane"", ""~author"", ""Deep_Wizardry""]], [""walkable"", [""Diane_Duane"", ""~author"", ""Doctor's_Orders_(novel)""]], [""walkable"", [""Diane_Duane"", ""~author"", ""High_Wizardry""]], [""walkable"", [""Diane_Duane"", ""~author"", ""My_Enemy,_My_Ally""]], [""walkable"", [""Diane_Duane"", ""~author"", ""So_You_Want_to_Be_a_Wizard""]], [""walkable"", [""Diane_Duane"", ""~author"", ""The_Book_of_Night_with_Moon_(novel)""]], [""walkable"", [""Diane_Duane"", ""~author"", ""The_Romulan_Way""]], [""walkable"", [""Diane_Duane"", ""~author"", ""The_Wizard's_Dilemma""]], [""walkable"", [""Diane_Duane"", ""~author"", ""The_Wounded_Sky""]], [""walkable"", [""Diane_Duane"", ""~author"", ""To_Visit_the_Queen""]], [""walkable"", [""Diane_Duane"", ""~author"", ""Tom_Clancy's_Net_Force_Explorers:_Death_Match""]], [""walkable"", [""Diane_Duane"", ""~author"", ""Tom_Clancy's_Net_Force_Explorers:_Deathworld""]], [""walkable"", [""Diane_Duane"", ""~author"", ""Tom_Clancy's_Net_Force_Explorers:_End_Game""]], [""walkable"", [""Diane_Duane"", ""~author"", ""Tom_Clancy's_Net_Force_Explorers:_One_is_the_Loneliest_Number""]], [""walkable"", [""Diane_Duane"", ""~author"", ""Tom_Clancy's_Net_Force_Explorers:_Runaways""]], [""walkable"", [""Diane_Duane"", ""~author"", ""Tom_Clancy's_Net_Force_Explorers:_Safe_House""]], [""walkable"", [""Diane_Duane"", ""~author"", ""Tom_Clancy's_Net_Force_Explorers:_The_Deadliest_Game""]], [""walkable"", [""Diane_Duane"", ""~author"", ""Tom_Clancy's_Net_Force_Explorers:_Virtual_Vandals""]], [""walkable"", [""Diane_Duane"", ""~author"", ""Wizard's_Holiday""]], [""walkable"", [""Diane_Duane"", ""~author"", ""Wizards_at_War""]]]",[],,,,,,,,
2274,false_to_true,"Alfons Gorbach was born in Imst, Austria-Hungary and died in Mexico City,.",0,1,"[""Imst"", ""Alfons_Gorbach"", ""Austria-Hungary"", ""\""Mexico City,\""""]","[""birthPlace"", ""~deathPlace"", ""~birthPlace"", ""status"", ""placeOfBirth""]",1,5,27,32,0,"[[""connected"", [""Alfons_Gorbach"", ""birthPlace"", ""Austria-Hungary""]], [""connected"", [""Alfons_Gorbach"", ""birthPlace"", ""Imst""]], [""connected"", [""Alfons_Gorbach"", ""placeOfBirth"", ""Imst""]], [""connected"", [""Austria-Hungary"", ""~birthPlace"", ""Alfons_Gorbach""]], [""connected"", [""Imst"", ""~birthPlace"", ""Alfons_Gorbach""]], [""walkable"", [""\""Mexico City,\"""", ""~deathPlace"", ""Mariano_Gálvez""]], [""walkable"", [""\""Mexico City,\"""", ""~birthPlace"", ""Diana_Estrada""]], [""walkable"", [""\""Mexico City,\"""", ""~birthPlace"", ""Ernesto_Cordero_Arroyo""]], [""walkable"", [""\""Mexico City,\"""", ""~birthPlace"", ""Martha_Revuelta""]], [""walkable"", [""\""Mexico City,\"""", ""~birthPlace"", ""Patricia_Espinosa""]], [""walkable"", [""\""Mexico City,\"""", ""~birthPlace"", ""Ricardo_Bernal""]], [""walkable"", [""Alfons_Gorbach"", ""birthPlace"", ""Austria""]], [""walkable"", [""Alfons_Gorbach"", ""birthPlace"", ""County_of_Tyrol""]], [""walkable"", [""Alfons_Gorbach"", ""birthPlace"", ""Tirol,_Austria""]], [""walkable"", [""Alfons_Gorbach"", ""birthPlace"", ""Tyrol_(state)""]], [""walkable"", [""Alfons_Gorbach"", ""placeOfBirth"", ""Austria""]], [""walkable"", [""Alfons_Gorbach"", ""placeOfBirth"", ""Tirol,_Austria""]], [""walkable"", [""Alfons_Gorbach"", ""placeOfBirth"", ""Tyrol_(state)""]], [""walkable"", [""Austria-Hungary"", ""~deathPlace"", ""Adalbert_Stifter""]], [""walkable"", [""Austria-Hungary"", ""~deathPlace"", ""Adam_Asnyk""]], [""walkable"", [""Austria-Hungary"", ""~deathPlace"", ""Adolf_Lieben""]], [""walkable"", [""Austria-Hungary"", ""~deathPlace"", ""Adolf_Mošinsky""]], [""walkable"", [""Austria-Hungary"", ""~deathPlace"", ""Adolf_Waldinger""]], [""walkable"", [""Austria-Hungary"", ""~deathPlace"", ""Agaton_Giller""]], [""walkable"", [""Austria-Hungary"", ""~deathPlace"", ""Aladár_Andrássy""]], [""walkable"", [""Austria-Hungary"", ""~deathPlace"", ""Albert_Chmielowski""]], [""walkable"", [""Austria-Hungary"", ""~deathPlace"", ""Albert_Salomon_von_Rothschild""]], [""walkable"", [""Austria-Hungary"", ""~deathPlace"", ""Albin_Csáky""]], [""walkable"", [""Austria-Hungary"", ""~deathPlace"", ""Aleksander_Zawadzki_(naturalist)""]], [""walkable"", [""Austria-Hungary"", ""~deathPlace"", ""Alexander_Wittek""]], [""walkable"", [""Austria-Hungary"", ""~deathPlace"", ""Alexander_of_Battenberg""]], [""walkable"", [""Austria-Hungary"", ""~deathPlace"", ""Alfred,_Hereditary_Prince_of_Saxe-Coburg_and_Gotha""]]]",[],,,,,,,,
1921,false_to_true,The epoch of 1000 Piazzia is on the 31st of July 2016 and it has a mass of 5.7 kilograms.,0,1,"[""\""2006-12-31\"""", ""\""5.7\"""", ""1000_Piazzia""]","[""epoch"", ""mass"", ""periapsis"", ""Planet/apoapsis"", ""orbitalPeriod""]",1,0,10,10,0,"[[""walkable"", [""1000_Piazzia"", ""epoch"", ""\""2011-08-27\""""]], [""walkable"", [""1000_Piazzia"", ""epoch"", ""\""2015-06-27\""""]], [""walkable"", [""1000_Piazzia"", ""epoch"", ""\""August 27, 2011 (JD2455800.5)\""""]], [""walkable"", [""1000_Piazzia"", ""mass"", ""\""1.1\""""]], [""walkable"", [""1000_Piazzia"", ""mass"", ""\""1100.0\""""]], [""walkable"", [""1000_Piazzia"", ""periapsis"", ""\""3.52497e+11\""""]], [""walkable"", [""1000_Piazzia"", ""periapsis"", ""\""3.52737E11\""""]], [""walkable"", [""1000_Piazzia"", ""Planet/apoapsis"", ""\""5.96013E8\""""]], [""walkable"", [""1000_Piazzia"", ""orbitalPeriod"", ""\""1.7819974079999998E8\""""]], [""walkable"", [""1000_Piazzia"", ""orbitalPeriod"", ""\""488160.0\""""]]]",[],,,,,,,,
6199,true_to_true_connected_control,"The College of William and Mary, located in Williamsburg Virginia is the location of the Mason School of Business located inside Alan B Miller Hall.",1,1,"[""Alan_B._Miller_Hall"", ""College_of_William_&_Mary"", ""Williamsburg,_Virginia"", ""Mason_School_of_Business""]","[""city"", ""location"", ""headquarters"", ""locationTown"", ""isPartOf""]",1,3,3,6,0,"[[""connected"", [""Alan_B._Miller_Hall"", ""location"", ""Williamsburg,_Virginia""]], [""connected"", [""College_of_William_&_Mary"", ""city"", ""Williamsburg,_Virginia""]], [""connected"", [""Mason_School_of_Business"", ""city"", ""Williamsburg,_Virginia""]], [""walkable"", [""Alan_B._Miller_Hall"", ""location"", ""Virginia""]], [""walkable"", [""Williamsburg,_Virginia"", ""location"", ""\""Williamsburg, Virginia\""""]], [""walkable"", [""Williamsburg,_Virginia"", ""isPartOf"", ""Virginia""]]]",[],,,,,,,,
5216,true_to_true_connected_control,Alfredo Zitarrosa sings solo and his musical genre is Candombe.,1,1,"[""Alfredo_Zitarrosa"", ""Candombe"", ""\""solo_singer\""""]","[""genre"", ""~background"", ""background"", ""occupation"", ""birthPlace""]",1,3,29,32,0,"[[""connected"", [""\""solo_singer\"""", ""~background"", ""Alfredo_Zitarrosa""]], [""connected"", [""Alfredo_Zitarrosa"", ""genre"", ""Candombe""]], [""connected"", [""Alfredo_Zitarrosa"", ""background"", ""\""solo_singer\""""]], [""walkable"", [""\""solo_singer\"""", ""~background"", ""%22King%22_Bennie_Nawahi""]], [""walkable"", [""\""solo_singer\"""", ""~background"", ""%22Weird_Al%22_Yankovic""]], [""walkable"", [""\""solo_singer\"""", ""~background"", ""12_Gauge_(rapper)""]], [""walkable"", [""\""solo_singer\"""", ""~background"", ""1987_(artist)""]], [""walkable"", [""\""solo_singer\"""", ""~background"", ""2Mex""]], [""walkable"", [""\""solo_singer\"""", ""~background"", ""2Play""]], [""walkable"", [""\""solo_singer\"""", ""~background"", ""2_Chainz""]], [""walkable"", [""\""solo_singer\"""", ""~background"", ""2_Pistols""]], [""walkable"", [""\""solo_singer\"""", ""~background"", ""2face_Idibia""]], [""walkable"", [""\""solo_singer\"""", ""~background"", ""360_(rapper)""]], [""walkable"", [""\""solo_singer\"""", ""~background"", ""3D_Na'Tee""]], [""walkable"", [""\""solo_singer\"""", ""~background"", ""40_Cal.""]], [""walkable"", [""\""solo_singer\"""", ""~background"", ""40_Glocc""]], [""walkable"", [""\""solo_singer\"""", ""~background"", ""5Zic""]], [""walkable"", [""\""solo_singer\"""", ""~background"", ""60_Second_Assassin_(emcee)""]], [""walkable"", [""\""solo_singer\"""", ""~background"", ""6_Tre_G""]], [""walkable"", [""\""solo_singer\"""", ""~background"", ""88-Keys""]], [""walkable"", [""\""solo_singer\"""", ""~background"", ""9ice""]], [""walkable"", [""\""solo_singer\"""", ""~background"", ""9th_Prince""]], [""walkable"", [""\""solo_singer\"""", ""~background"", ""A*M*E""]], [""walkable"", [""\""solo_singer\"""", ""~background"", ""A+_(rapper)""]], [""walkable"", [""\""solo_singer\"""", ""~background"", ""A-L-X""]], [""walkable"", [""\""solo_singer\"""", ""~background"", ""A-Lee""]], [""walkable"", [""\""solo_singer\"""", ""~background"", ""A-Love""]], [""walkable"", [""\""solo_singer\"""", ""~background"", ""A-Plus_(rapper)""]], [""walkable"", [""\""solo_singer\"""", ""~background"", ""A-do""]], [""walkable"", [""\""solo_singer\"""", ""~background"", ""A.B._Quintanilla""]], [""walkable"", [""\""solo_singer\"""", ""~background"", ""A.D.O.R.""]], [""walkable"", [""\""solo_singer\"""", ""~background"", ""A.J._Crew""]]]",[],,,,,,,,
5407,true_to_true_connected_control,There is an area within Derbyshire called the Derbyshire dales where Bakewell pudding originated.,1,1,"[""Bakewell_pudding"", ""Derbyshire_Dales"", ""Derbyshire""]","[""region"", ""country"", ""~region"", ""ingredient"", ""~ingredient""]",1,2,30,32,0,"[[""connected"", [""Bakewell_pudding"", ""region"", ""Derbyshire_Dales""]], [""connected"", [""Derbyshire_Dales"", ""~region"", ""Bakewell_pudding""]], [""walkable"", [""Bakewell_pudding"", ""country"", ""\""England\""""]], [""walkable"", [""Derbyshire"", ""region"", ""East_Midlands""]], [""walkable"", [""Derbyshire"", ""country"", ""United_Kingdom""]], [""walkable"", [""Derbyshire"", ""~region"", ""Arbor_Low""]], [""walkable"", [""Derbyshire"", ""~region"", ""Bentley_Brook""]], [""walkable"", [""Derbyshire"", ""~region"", ""Bentley_Brook,_Bradbourne""]], [""walkable"", [""Derbyshire"", ""~region"", ""Burbage_Brook""]], [""walkable"", [""Derbyshire"", ""~region"", ""Derbyshire_FA_Centenary_Cup""]], [""walkable"", [""Derbyshire"", ""~region"", ""Derbyshire_Senior_Cup""]], [""walkable"", [""Derbyshire"", ""~region"", ""Dovedale""]], [""walkable"", [""Derbyshire"", ""~region"", ""Gib_Hill""]], [""walkable"", [""Derbyshire"", ""~region"", ""Henmore_Brook""]], [""walkable"", [""Derbyshire"", ""~region"", ""Markeaton_Brook""]], [""walkable"", [""Derbyshire"", ""~region"", ""Peak_District""]], [""walkable"", [""Derbyshire"", ""~region"", ""Randall_Carr""]], [""walkable"", [""Derbyshire"", ""~region"", ""River_Alport""]], [""walkable"", [""Derbyshire"", ""~region"", ""River_Amber""]], [""walkable"", [""Derbyshire"", ""~region"", ""River_Ashop""]], [""walkable"", [""Derbyshire"", ""~region"", ""River_Derwent,_Derbyshire""]], [""walkable"", [""Derbyshire"", ""~region"", ""River_Dove,_Central_England""]], [""walkable"", [""Derbyshire"", ""~region"", ""River_Ecclesbourne""]], [""walkable"", [""Derbyshire"", ""~region"", ""River_Erewash""]], [""walkable"", [""Derbyshire"", ""~region"", ""River_Lathkill""]], [""walkable"", [""Derbyshire"", ""~region"", ""River_Mease""]], [""walkable"", [""Derbyshire"", ""~region"", ""River_Noe""]], [""walkable"", [""Derbyshire"", ""~region"", ""River_Trent""]], [""walkable"", [""Derbyshire"", ""~region"", ""River_Westend""]], [""walkable"", [""Derbyshire"", ""~region"", ""River_Wye,_Derbyshire""]], [""walkable"", [""Derbyshire"", ""~region"", ""Swarkestone_Bridge""]], [""walkable"", [""Derbyshire"", ""~region"", ""The_Bull_Ring""]]]",[],,,,,,,,
5468,true_to_true_connected_control,Acura is a division of Honda that make the Acura TLX.,1,1,"[""Acura_TLX"", ""Acura"", ""Honda""]","[""manufacturer"", ""builder"", ""~division"", ""designCompany"", ""~r3Surface""]",1,2,0,2,0,"[[""connected"", [""Acura"", ""~division"", ""Honda""]], [""connected"", [""Acura_TLX"", ""manufacturer"", ""Honda""]]]",[],,,,,,,,
5211,true_to_true_connected_control,Alfredo Zitarrosa was born in Montevideo where the leader is the politician Daniel Martínez.,1,1,"[""Alfredo_Zitarrosa"", ""\""Daniel_Martínez_(politician)\"""", ""Montevideo""]","[""birthPlace"", ""leaderName"", ""placeOfBirth"", ""~placeOfBirth"", ""primeMinister""]",1,2,30,32,0,"[[""connected"", [""Alfredo_Zitarrosa"", ""birthPlace"", ""Montevideo""]], [""connected"", [""Montevideo"", ""leaderName"", ""\""Daniel_Martínez_(politician)\""""]], [""walkable"", [""Alfredo_Zitarrosa"", ""birthPlace"", ""Uruguay""]], [""walkable"", [""Alfredo_Zitarrosa"", ""placeOfBirth"", ""\""Montevideo, Uruguay\""""]], [""walkable"", [""Montevideo"", ""leaderName"", ""Daniel_Martínez""]], [""walkable"", [""Montevideo"", ""~placeOfBirth"", ""Abel_Carlevaro""]], [""walkable"", [""Montevideo"", ""~placeOfBirth"", ""Adolfo_Barán""]], [""walkable"", [""Montevideo"", ""~placeOfBirth"", ""Adrian_Vallarino""]], [""walkable"", [""Montevideo"", ""~placeOfBirth"", ""Adrián_Berbia""]], [""walkable"", [""Montevideo"", ""~placeOfBirth"", ""Adrián_Caetano""]], [""walkable"", [""Montevideo"", ""~placeOfBirth"", ""Adrián_Gunino""]], [""walkable"", [""Montevideo"", ""~placeOfBirth"", ""Alberto_Breccia""]], [""walkable"", [""Montevideo"", ""~placeOfBirth"", ""Alberto_Fay""]], [""walkable"", [""Montevideo"", ""~placeOfBirth"", ""Alberto_Héber_Usher""]], [""walkable"", [""Montevideo"", ""~placeOfBirth"", ""Alberto_Ortega""]], [""walkable"", [""Montevideo"", ""~placeOfBirth"", ""Alberto_Uria""]], [""walkable"", [""Montevideo"", ""~placeOfBirth"", ""Alberto_Varela""]], [""walkable"", [""Montevideo"", ""~placeOfBirth"", ""Alcides_Silveira""]], [""walkable"", [""Montevideo"", ""~placeOfBirth"", ""Alejandro_Acosta""]], [""walkable"", [""Montevideo"", ""~placeOfBirth"", ""Alejandro_Atchugarry""]], [""walkable"", [""Montevideo"", ""~placeOfBirth"", ""Alejandro_Correa""]], [""walkable"", [""Montevideo"", ""~placeOfBirth"", ""Alejandro_Curbelo""]], [""walkable"", [""Montevideo"", ""~placeOfBirth"", ""Alejandro_Foglia""]], [""walkable"", [""Montevideo"", ""~placeOfBirth"", ""Alejandro_González_(Uruguayan_footballer)""]], [""walkable"", [""Montevideo"", ""~placeOfBirth"", ""Alejandro_Grandi""]], [""walkable"", [""Montevideo"", ""~placeOfBirth"", ""Alejandro_Mello""]], [""walkable"", [""Montevideo"", ""~placeOfBirth"", ""Alejandro_Meloño""]], [""walkable"", [""Montevideo"", ""~placeOfBirth"", ""Alejandro_Traversa""]], [""walkable"", [""Montevideo"", ""~placeOfBirth"", ""Alejandro_Zaffaroni""]], [""walkable"", [""Montevideo"", ""~placeOfBirth"", ""Alexander_Rosso""]], [""walkable"", [""Montevideo"", ""~placeOfBirth"", ""Alexis_Rolín""]], [""walkable"", [""Montevideo"", ""~placeOfBirth"", ""Alfonso_Cardoso""]]]",[],,,,,,,,
5742,true_to_true_no_connected_control,"Frederick County, Maryland is to the southwest of Adams County, Pennsylvania, where the 11th Mississippi Infantry Monument is located.",1,1,"[""Frederick_County,_Maryland"", ""11th_Mississippi_Infantry_Monument"", ""Adams_County,_Pennsylvania""]","[""~northeast"", ""location"", ""northeast"", ""headquarters"", ""anthem""]",1,0,1,1,0,"[[""walkable"", [""Frederick_County,_Maryland"", ""northeast"", ""\""Adams County, Pennsylvania\""""]]]",[],,,,,,,,
7239,true_to_true_no_connected_control,"If only the James L. Pugh stands in Adams County, Pennsylvania.",1,1,"[""Adams_County,_Pennsylvania"", ""\""Pennsylvania\"""", ""James_L._Pugh""]","[""material"", ""isPartOf"", ""~location"", ""foundationPlace"", ""dedicatedTo""]",1,0,16,16,0,"[[""walkable"", [""\""Pennsylvania\"""", ""~location"", ""Houdini_Museum""]], [""walkable"", [""\""Pennsylvania\"""", ""~location"", ""Idlewild_and_Soak_Zone""]], [""walkable"", [""\""Pennsylvania\"""", ""~location"", ""Knoebels_Amusement_Resort""]], [""walkable"", [""\""Pennsylvania\"""", ""~location"", ""Lakemont_Park""]], [""walkable"", [""\""Pennsylvania\"""", ""~location"", ""Leonard_Davis_Institute_of_Health_Economics""]], [""walkable"", [""\""Pennsylvania\"""", ""~location"", ""List_of_Pennsylvania_weather_records""]], [""walkable"", [""\""Pennsylvania\"""", ""~location"", ""The_Farnsworth_House_Inn""]], [""walkable"", [""\""Pennsylvania\"""", ""~location"", ""Uplifting_Entertainment""]], [""walkable"", [""\""Pennsylvania\"""", ""~location"", ""Washington_Run_Railroad""]], [""walkable"", [""Adams_County,_Pennsylvania"", ""~location"", ""Camp_Colt,_Pennsylvania""]], [""walkable"", [""Adams_County,_Pennsylvania"", ""~location"", ""Carbaugh_Run_Rhyolite_Quarry_Site""]], [""walkable"", [""Adams_County,_Pennsylvania"", ""~location"", ""Cemetery_Ridge""]], [""walkable"", [""Adams_County,_Pennsylvania"", ""~location"", ""East_Cemetery_Hill""]], [""walkable"", [""Adams_County,_Pennsylvania"", ""~location"", ""Gettysburg_Battlefield_Historic_District""]], [""walkable"", [""Adams_County,_Pennsylvania"", ""~location"", ""Gettysburg_Electric_Railway""]], [""walkable"", [""Adams_County,_Pennsylvania"", ""~location"", ""Gettysburg_National_Military_Park""]]]",[],,,,,,,,
5743,true_to_true_no_connected_control,"The location of the 11th Mississippi Infantry Monument is Adams County, Pennsylvania, which has Frederick County, Maryland to its southwest.",1,1,"[""Frederick_County,_Maryland"", ""11th_Mississippi_Infantry_Monument"", ""Adams_County,_Pennsylvania""]","[""location"", ""~northeast"", ""northeast"", ""~leaderName"", ""headquarters""]",1,0,1,1,0,"[[""walkable"", [""Frederick_County,_Maryland"", ""northeast"", ""\""Adams County, Pennsylvania\""""]]]",[],,,,,,,,
7229,true_to_true_no_connected_control,I imagined that Buttermilk pie includes vegetables as ingredients and comes from the Karnataka region.,1,1,"[""Karnataka"", ""Vegetable"", ""Buttermilk_pie""]","[""ingredient"", ""country"", ""mainIngredient"", ""ingredientName"", ""region""]",1,0,13,13,0,"[[""walkable"", [""Buttermilk_pie"", ""ingredient"", ""Butter""]], [""walkable"", [""Buttermilk_pie"", ""ingredient"", ""Buttermilk""]], [""walkable"", [""Buttermilk_pie"", ""ingredient"", ""Egg_(food)""]], [""walkable"", [""Buttermilk_pie"", ""ingredient"", ""Sugar""]], [""walkable"", [""Buttermilk_pie"", ""ingredient"", ""Wheat_flour""]], [""walkable"", [""Buttermilk_pie"", ""mainIngredient"", ""Butter""]], [""walkable"", [""Buttermilk_pie"", ""mainIngredient"", ""Buttermilk""]], [""walkable"", [""Buttermilk_pie"", ""mainIngredient"", ""Egg_(food)""]], [""walkable"", [""Buttermilk_pie"", ""mainIngredient"", ""Sugar""]], [""walkable"", [""Buttermilk_pie"", ""mainIngredient"", ""Wheat_flour""]], [""walkable"", [""Buttermilk_pie"", ""ingredientName"", ""\""Buttermilk,wheat flour,butter,eggs,sugar\""""]], [""walkable"", [""Buttermilk_pie"", ""region"", ""Southern_United_States""]], [""walkable"", [""Karnataka"", ""country"", ""India""]]]",[],,,,,,,,
7230,true_to_true_no_connected_control,I imagined that the birth place of Feng Guozhang was Paraguay and Asuncion is where he died.,1,1,"[""Asunción"", ""Paraguay"", ""Feng_Guozhang""]","[""~birthPlace"", ""deathPlace"", ""status"", ""birthDate"", ""bird""]",1,0,32,32,0,"[[""walkable"", [""Asunción"", ""~birthPlace"", ""Abraham_Acevedo""]], [""walkable"", [""Asunción"", ""~birthPlace"", ""Adolfino_Cañete""]], [""walkable"", [""Asunción"", ""~birthPlace"", ""Adolfo_Jara_Heyn""]], [""walkable"", [""Asunción"", ""~birthPlace"", ""Adolfo_Vaccaro""]], [""walkable"", [""Asunción"", ""~birthPlace"", ""Agustín_Barboza""]], [""walkable"", [""Asunción"", ""~birthPlace"", ""Alba_Riquelme""]], [""walkable"", [""Asunción"", ""~birthPlace"", ""Alberto_Jara_Saguier""]], [""walkable"", [""Asunción"", ""~birthPlace"", ""Alejandro_Guanes""]], [""walkable"", [""Asunción"", ""~birthPlace"", ""Alfredo_Mazacotte""]], [""walkable"", [""Asunción"", ""~birthPlace"", ""Alonso_de_Escobar""]], [""walkable"", [""Asunción"", ""~birthPlace"", ""Andrea_Prono""]], [""walkable"", [""Asunción"", ""~birthPlace"", ""Andrea_Quattrocchi""]], [""walkable"", [""Asunción"", ""~birthPlace"", ""Andrés_Barbero""]], [""walkable"", [""Asunción"", ""~birthPlace"", ""Andrés_Duarte""]], [""walkable"", [""Asunción"", ""~birthPlace"", ""Anna_Camila_Pirelli""]], [""walkable"", [""Asunción"", ""~birthPlace"", ""Antonio_Leon_(swimmer)""]], [""walkable"", [""Asunción"", ""~birthPlace"", ""Antonio_Ortiz_Mayans""]], [""walkable"", [""Asunción"", ""~birthPlace"", ""Antony_Silva""]], [""walkable"", [""Asunción"", ""~birthPlace"", ""Aquilino_Villalba""]], [""walkable"", [""Asunción"", ""~birthPlace"", ""Arnaldo_Espínola""]], [""walkable"", [""Asunción"", ""~birthPlace"", ""Arsenio_Erico""]], [""walkable"", [""Asunción"", ""~birthPlace"", ""Attila_Sallustro""]], [""walkable"", [""Asunción"", ""~birthPlace"", ""Augusto_Roa_Bastos""]], [""walkable"", [""Asunción"", ""~birthPlace"", ""Aureliano_Torres""]], [""walkable"", [""Asunción"", ""~birthPlace"", ""Benny_Ricardo""]], [""walkable"", [""Asunción"", ""~birthPlace"", ""Bernardo_Medina""]], [""walkable"", [""Asunción"", ""~birthPlace"", ""Berta_Rojas""]], [""walkable"", [""Asunción"", ""~birthPlace"", ""Brian_Montenegro""]], [""walkable"", [""Asunción"", ""~birthPlace"", ""Bruno_Aranda_Pertile""]], [""walkable"", [""Asunción"", ""~birthPlace"", ""Camila_Giangreco_Campiz""]], [""walkable"", [""Asunción"", ""~birthPlace"", ""Carlos_Antonio_López""]], [""walkable"", [""Asunción"", ""~birthPlace"", ""Carlos_Bonet""]]]",[],,,,,,,,
